SourceID,TargetID,Source,Target,ValidFrom,ValidTo,Type,Weight
ID0000001,ID0000002,11,12,1842,1844,undirected,1
ID0000001,ID0000002,2,6,1845,1847,undirected,1
ID0000001,ID0000006,11,4,1842,1844,undirected,1
ID0000001,ID0000006,2,4,1845,1847,undirected,1
ID0000001,ID0000009,11,13,1842,1844,undirected,1
ID0000002,ID0000003,46,27,1859,1862,undirected,1
ID0000002,ID0000003,46,80,1862,1862,undirected,1
ID0000002,ID0000004,46,81,1862,1862,undirected,1
ID0000002,ID0000005,6,24,1848,1850,undirected,1
ID0000002,ID0000005,256,257,1876,1876,undirected,1
ID0000002,ID0000006,12,4,1842,1844,undirected,1
ID0000002,ID0000006,6,4,1845,1847,undirected,1
ID0000002,ID0000006,46,91,1862,1862,undirected,1
ID0000002,ID0000007,6,14,1847,1850,undirected,1
ID0000002,ID0000008,6,7,1845,1846,undirected,1
ID0000002,ID0000008,6,8,1847,1850,undirected,1
ID0000002,ID0000009,12,13,1842,1844,undirected,1
ID0000002,ID0000011,6,16,1847,1850,undirected,1
ID0000002,ID0000012,6,17,1846,1847,undirected,1
ID0000002,ID0000012,6,18,1848,1848,undirected,1
ID0000002,ID0000013,6,20,1847,1850,undirected,1
ID0000002,ID0000014,6,22,1847,1849,undirected,1
ID0000002,ID0000015,6,23,1848,1850,undirected,1
ID0000002,ID0000015,46,23,1859,1862,undirected,1
ID0000002,ID0000016,6,26,1847,1848,undirected,1
ID0000002,ID0000026,46,49,1859,1862,undirected,1
ID0000002,ID0000027,46,50,1859,1862,undirected,1
ID0000002,ID0000028,46,54,1859,1859,undirected,1
ID0000002,ID0000029,46,55,1859,1859,undirected,1
ID0000002,ID0000029,46,92,1862,1862,undirected,1
ID0000002,ID0000030,46,57,1859,1861,undirected,1
ID0000002,ID0000030,46,89,1862,1862,undirected,1
ID0000002,ID0000031,46,58,1859,1859,undirected,1
ID0000002,ID0000032,46,59,1859,1862,undirected,1
ID0000002,ID0000032,256,261,1876,1876,undirected,1
ID0000002,ID0000033,46,60,1859,1859,undirected,1
ID0000002,ID0000039,6,68,1850,1850,undirected,1
ID0000002,ID0000039,46,72,1859,1859,undirected,1
ID0000002,ID0000043,46,82,1862,1862,undirected,1
ID0000002,ID0000044,46,83,1862,1862,undirected,1
ID0000002,ID0000045,46,84,1862,1862,undirected,1
ID0000002,ID0000046,46,86,1862,1862,undirected,1
ID0000002,ID0000057,46,87,1862,1862,undirected,1
ID0000002,ID0000058,46,88,1862,1862,undirected,1
ID0000002,ID0000062,256,258,1876,1876,undirected,1
ID0000002,ID0000089,256,169,1876,1876,undirected,1
ID0000002,ID0000089,256,170,1876,1876,undirected,1
ID0000002,ID0000089,256,259,1876,1876,undirected,1
ID0000003,ID0000004,27,81,1862,1862,undirected,1
ID0000003,ID0000004,80,81,1862,1862,undirected,1
ID0000003,ID0000004,80,111,1863,1863,undirected,1
ID0000003,ID0000004,80,130,1864,1864,undirected,1
ID0000003,ID0000004,80,147,1865,1868,undirected,1
ID0000003,ID0000004,212,147,1873,1875,undirected,1
ID0000003,ID0000006,27,91,1862,1862,undirected,1
ID0000003,ID0000006,80,91,1862,1863,undirected,1
ID0000003,ID0000006,80,132,1864,1864,undirected,1
ID0000003,ID0000006,80,148,1865,1868,undirected,1
ID0000003,ID0000006,212,215,1873,1873,undirected,1
ID0000003,ID0000018,27,34,1856,1856,undirected,1
ID0000003,ID0000018,27,35,1857,1857,undirected,1
ID0000003,ID0000019,27,36,1856,1856,undirected,1
ID0000003,ID0000020,27,37,1856,1862,undirected,1
ID0000003,ID0000020,27,62,1859,1859,undirected,1
ID0000003,ID0000020,27,63,1860,1862,undirected,1
ID0000003,ID0000020,80,37,1862,1863,undirected,1
ID0000003,ID0000020,80,63,1862,1864,undirected,1
ID0000003,ID0000020,212,38,1873,1873,undirected,1
ID0000003,ID0000020,212,39,1874,1874,undirected,1
ID0000003,ID0000021,27,41,1856,1857,undirected,1
ID0000003,ID0000022,27,42,1856,1858,undirected,1
ID0000003,ID0000023,27,43,1856,1862,undirected,1
ID0000003,ID0000023,80,43,1862,1865,undirected,1
ID0000003,ID0000023,80,171,1867,1868,undirected,1
ID0000003,ID0000023,212,213,1873,1875,undirected,1
ID0000003,ID0000024,27,44,1856,1857,undirected,1
ID0000003,ID0000026,27,49,1859,1862,undirected,1
ID0000003,ID0000026,80,49,1862,1864,undirected,1
ID0000003,ID0000027,27,50,1859,1862,undirected,1
ID0000003,ID0000027,80,50,1862,1863,undirected,1
ID0000003,ID0000027,80,51,1864,1864,undirected,1
ID0000003,ID0000027,80,52,1865,1868,undirected,1
ID0000003,ID0000029,27,92,1862,1862,undirected,1
ID0000003,ID0000029,80,92,1862,1863,undirected,1
ID0000003,ID0000030,80,89,1862,1863,undirected,1
ID0000003,ID0000030,80,90,1863,1866,undirected,1
ID0000003,ID0000032,27,59,1859,1862,undirected,1
ID0000003,ID0000032,80,59,1862,1862,undirected,1
ID0000003,ID0000032,80,142,1864,1868,undirected,1
ID0000003,ID0000032,212,226,1873,1875,undirected,1
ID0000003,ID0000034,27,61,1859,1859,undirected,1
ID0000003,ID0000034,27,78,1859,1859,undirected,1
ID0000003,ID0000035,80,64,1862,1868,undirected,1
ID0000003,ID0000035,80,172,1868,1868,undirected,1
ID0000003,ID0000035,212,64,1873,1873,undirected,1
ID0000003,ID0000035,212,214,1873,1873,undirected,1
ID0000003,ID0000039,27,72,1859,1859,undirected,1
ID0000003,ID0000040,27,73,1859,1859,undirected,1
ID0000003,ID0000040,27,108,1862,1862,undirected,1
ID0000003,ID0000040,80,108,1862,1863,undirected,1
ID0000003,ID0000041,27,75,1859,1862,undirected,1
ID0000003,ID0000041,80,75,1862,1868,undirected,1
ID0000003,ID0000041,212,76,1873,1873,undirected,1
ID0000003,ID0000041,212,77,1873,1873,undirected,1
ID0000003,ID0000042,27,79,1859,1859,undirected,1
ID0000003,ID0000042,27,107,1862,1862,undirected,1
ID0000003,ID0000042,80,107,1862,1865,undirected,1
ID0000003,ID0000042,80,160,1865,1868,undirected,1
ID0000003,ID0000042,212,237,1873,1873,undirected,1
ID0000003,ID0000042,212,243,1874,1874,undirected,1
ID0000003,ID0000042,212,253,1875,1875,undirected,1
ID0000003,ID0000043,27,82,1862,1862,undirected,1
ID0000003,ID0000043,80,82,1862,1868,undirected,1
ID0000003,ID0000044,27,83,1862,1862,undirected,1
ID0000003,ID0000044,80,83,1862,1864,undirected,1
ID0000003,ID0000045,27,84,1862,1862,undirected,1
ID0000003,ID0000045,80,84,1862,1863,undirected,1
ID0000003,ID0000046,27,86,1862,1862,undirected,1
ID0000003,ID0000046,80,86,1862,1864,undirected,1
ID0000003,ID0000046,80,156,1865,1865,undirected,1
ID0000003,ID0000046,80,192,1868,1868,undirected,1
ID0000003,ID0000047,212,224,1873,1873,undirected,1
ID0000003,ID0000047,212,244,1874,1875,undirected,1
ID0000003,ID0000053,27,113,1862,1862,undirected,1
ID0000003,ID0000053,80,113,1862,1867,undirected,1
ID0000003,ID0000054,27,114,1862,1862,undirected,1
ID0000003,ID0000054,80,114,1862,1863,undirected,1
ID0000003,ID0000056,80,117,1863,1863,undirected,1
ID0000003,ID0000056,80,135,1864,1865,undirected,1
ID0000003,ID0000056,80,136,1866,1867,undirected,1
ID0000003,ID0000056,80,180,1868,1868,undirected,1
ID0000003,ID0000057,27,87,1862,1862,undirected,1
ID0000003,ID0000057,80,87,1862,1868,undirected,1
ID0000003,ID0000057,212,87,1873,1874,undirected,1
ID0000003,ID0000058,27,88,1862,1862,undirected,1
ID0000003,ID0000058,80,88,1862,1862,undirected,1
ID0000003,ID0000059,27,93,1862,1862,undirected,1
ID0000003,ID0000059,80,93,1862,1862,undirected,1
ID0000003,ID0000059,80,126,1863,1863,undirected,1
ID0000003,ID0000060,27,94,1862,1862,undirected,1
ID0000003,ID0000060,80,94,1862,1862,undirected,1
ID0000003,ID0000061,27,95,1862,1862,undirected,1
ID0000003,ID0000061,80,95,1862,1862,undirected,1
ID0000003,ID0000062,27,96,1862,1862,undirected,1
ID0000003,ID0000062,80,96,1862,1867,undirected,1
ID0000003,ID0000062,212,97,1873,1874,undirected,1
ID0000003,ID0000062,212,98,1874,1875,undirected,1
ID0000003,ID0000063,80,118,1863,1868,undirected,1
ID0000003,ID0000063,212,118,1873,1875,undirected,1
ID0000003,ID0000064,80,119,1863,1868,undirected,1
ID0000003,ID0000064,212,119,1873,1875,undirected,1
ID0000003,ID0000070,80,133,1864,1864,undirected,1
ID0000003,ID0000072,80,137,1864,1865,undirected,1
ID0000003,ID0000073,80,138,1864,1868,undirected,1
ID0000003,ID0000073,212,138,1873,1873,undirected,1
ID0000003,ID0000073,212,247,1874,1875,undirected,1
ID0000003,ID0000075,80,141,1864,1864,undirected,1
ID0000003,ID0000075,80,159,1865,1865,undirected,1
ID0000003,ID0000079,80,149,1865,1866,undirected,1
ID0000003,ID0000080,80,151,1866,1866,undirected,1
ID0000003,ID0000080,80,152,1868,1868,undirected,1
ID0000003,ID0000081,80,154,1866,1866,undirected,1
ID0000003,ID0000082,80,155,1863,1868,undirected,1
ID0000003,ID0000090,80,173,1866,1868,undirected,1
ID0000003,ID0000091,80,174,1868,1868,undirected,1
ID0000003,ID0000091,212,174,1873,1875,undirected,1
ID0000003,ID0000092,80,175,1868,1868,undirected,1
ID0000003,ID0000092,212,175,1873,1875,undirected,1
ID0000003,ID0000093,80,178,1868,1868,undirected,1
ID0000003,ID0000093,212,235,1873,1873,undirected,1
ID0000003,ID0000094,80,179,1868,1868,undirected,1
ID0000003,ID0000103,80,194,1868,1868,undirected,1
ID0000003,ID0000108,212,204,1875,1875,undirected,1
ID0000003,ID0000112,212,216,1873,1875,undirected,1
ID0000003,ID0000113,212,217,1873,1875,undirected,1
ID0000003,ID0000114,212,219,1873,1875,undirected,1
ID0000003,ID0000115,212,221,1873,1875,undirected,1
ID0000003,ID0000116,212,223,1873,1873,undirected,1
ID0000003,ID0000116,212,240,1873,1875,undirected,1
ID0000003,ID0000117,212,225,1873,1875,undirected,1
ID0000003,ID0000118,212,227,1873,1875,undirected,1
ID0000003,ID0000118,212,255,1875,1875,undirected,1
ID0000003,ID0000131,212,251,1875,1875,undirected,1
ID0000004,ID0000005,147,193,1869,1869,undirected,1
ID0000004,ID0000006,111,91,1863,1863,undirected,1
ID0000004,ID0000006,130,132,1864,1864,undirected,1
ID0000004,ID0000006,147,148,1865,1870,undirected,1
ID0000004,ID0000006,147,215,1873,1873,undirected,1
ID0000004,ID0000020,111,37,1863,1863,undirected,1
ID0000004,ID0000020,111,63,1863,1863,undirected,1
ID0000004,ID0000020,130,63,1864,1864,undirected,1
ID0000004,ID0000020,147,38,1873,1873,undirected,1
ID0000004,ID0000020,147,39,1874,1874,undirected,1
ID0000004,ID0000023,111,43,1863,1863,undirected,1
ID0000004,ID0000023,130,43,1864,1864,undirected,1
ID0000004,ID0000023,147,43,1865,1865,undirected,1
ID0000004,ID0000023,147,171,1867,1869,undirected,1
ID0000004,ID0000023,147,213,1873,1875,undirected,1
ID0000004,ID0000026,81,49,1862,1862,undirected,1
ID0000004,ID0000026,111,49,1863,1863,undirected,1
ID0000004,ID0000026,130,49,1864,1864,undirected,1
ID0000004,ID0000027,81,50,1862,1862,undirected,1
ID0000004,ID0000027,111,50,1863,1863,undirected,1
ID0000004,ID0000027,130,51,1864,1864,undirected,1
ID0000004,ID0000027,147,52,1865,1869,undirected,1
ID0000004,ID0000029,111,92,1863,1863,undirected,1
ID0000004,ID0000030,147,90,1865,1866,undirected,1
ID0000004,ID0000032,81,59,1862,1862,undirected,1
ID0000004,ID0000032,130,142,1864,1864,undirected,1
ID0000004,ID0000032,147,142,1865,1868,undirected,1
ID0000004,ID0000032,147,226,1873,1875,undirected,1
ID0000004,ID0000035,147,64,1865,1873,undirected,1
ID0000004,ID0000035,147,172,1868,1869,undirected,1
ID0000004,ID0000035,147,214,1873,1873,undirected,1
ID0000004,ID0000041,111,75,1863,1863,undirected,1
ID0000004,ID0000041,130,75,1864,1864,undirected,1
ID0000004,ID0000041,147,75,1865,1869,undirected,1
ID0000004,ID0000041,147,76,1870,1873,undirected,1
ID0000004,ID0000041,147,77,1873,1873,undirected,1
ID0000004,ID0000043,81,82,1862,1862,undirected,1
ID0000004,ID0000043,111,82,1863,1863,undirected,1
ID0000004,ID0000043,130,82,1864,1864,undirected,1
ID0000004,ID0000043,147,82,1865,1868,undirected,1
ID0000004,ID0000044,81,83,1862,1862,undirected,1
ID0000004,ID0000044,111,83,1863,1863,undirected,1
ID0000004,ID0000044,130,83,1864,1864,undirected,1
ID0000004,ID0000045,81,84,1862,1862,undirected,1
ID0000004,ID0000045,111,84,1863,1863,undirected,1
ID0000004,ID0000046,81,86,1862,1862,undirected,1
ID0000004,ID0000046,111,86,1863,1863,undirected,1
ID0000004,ID0000046,130,86,1864,1864,undirected,1
ID0000004,ID0000046,147,156,1865,1865,undirected,1
ID0000004,ID0000046,147,192,1868,1868,undirected,1
ID0000004,ID0000046,147,202,1869,1869,undirected,1
ID0000004,ID0000047,147,224,1873,1873,undirected,1
ID0000004,ID0000047,147,244,1874,1875,undirected,1
ID0000004,ID0000048,130,140,1864,1864,undirected,1
ID0000004,ID0000048,147,140,1865,1875,undirected,1
ID0000004,ID0000049,111,120,1863,1863,undirected,1
ID0000004,ID0000049,130,120,1864,1864,undirected,1
ID0000004,ID0000051,111,105,1863,1863,undirected,1
ID0000004,ID0000051,111,127,1863,1863,undirected,1
ID0000004,ID0000051,130,143,1864,1864,undirected,1
ID0000004,ID0000051,147,143,1865,1869,undirected,1
ID0000004,ID0000053,111,113,1863,1863,undirected,1
ID0000004,ID0000053,130,113,1864,1864,undirected,1
ID0000004,ID0000053,147,113,1865,1867,undirected,1
ID0000004,ID0000054,111,114,1863,1863,undirected,1
ID0000004,ID0000056,147,136,1866,1867,undirected,1
ID0000004,ID0000056,147,180,1868,1869,undirected,1
ID0000004,ID0000057,81,87,1862,1862,undirected,1
ID0000004,ID0000057,111,87,1863,1863,undirected,1
ID0000004,ID0000057,130,87,1864,1864,undirected,1
ID0000004,ID0000057,147,87,1865,1874,undirected,1
ID0000004,ID0000058,81,88,1862,1862,undirected,1
ID0000004,ID0000062,111,96,1863,1863,undirected,1
ID0000004,ID0000062,130,96,1864,1864,undirected,1
ID0000004,ID0000062,147,96,1865,1867,undirected,1
ID0000004,ID0000062,147,97,1873,1874,undirected,1
ID0000004,ID0000062,147,98,1874,1875,undirected,1
ID0000004,ID0000063,147,118,1865,1875,undirected,1
ID0000004,ID0000064,147,119,1865,1875,undirected,1
ID0000004,ID0000065,111,122,1863,1863,undirected,1
ID0000004,ID0000065,130,122,1864,1864,undirected,1
ID0000004,ID0000065,147,122,1865,1865,undirected,1
ID0000004,ID0000065,147,165,1865,1868,undirected,1
ID0000004,ID0000066,111,123,1863,1863,undirected,1
ID0000004,ID0000068,111,128,1863,1863,undirected,1
ID0000004,ID0000068,130,128,1864,1864,undirected,1
ID0000004,ID0000068,147,128,1865,1865,undirected,1
ID0000004,ID0000072,147,137,1865,1865,undirected,1
ID0000004,ID0000073,147,138,1865,1873,undirected,1
ID0000004,ID0000073,147,247,1874,1875,undirected,1
ID0000004,ID0000074,130,139,1864,1864,undirected,1
ID0000004,ID0000078,130,146,1864,1864,undirected,1
ID0000004,ID0000079,147,149,1865,1866,undirected,1
ID0000004,ID0000080,147,151,1866,1866,undirected,1
ID0000004,ID0000080,147,152,1868,1869,undirected,1
ID0000004,ID0000081,147,154,1866,1866,undirected,1
ID0000004,ID0000082,147,155,1865,1869,undirected,1
ID0000004,ID0000090,147,173,1866,1870,undirected,1
ID0000004,ID0000091,147,174,1868,1875,undirected,1
ID0000004,ID0000092,147,175,1868,1875,undirected,1
ID0000004,ID0000093,147,178,1868,1868,undirected,1
ID0000004,ID0000093,147,235,1873,1873,undirected,1
ID0000004,ID0000094,147,179,1868,1868,undirected,1
ID0000004,ID0000103,147,194,1868,1871,undirected,1
ID0000004,ID0000104,147,195,1869,1869,undirected,1
ID0000004,ID0000105,147,197,1869,1871,undirected,1
ID0000004,ID0000108,147,204,1875,1875,undirected,1
ID0000004,ID0000112,147,216,1873,1875,undirected,1
ID0000004,ID0000113,147,217,1873,1875,undirected,1
ID0000004,ID0000114,147,219,1870,1875,undirected,1
ID0000004,ID0000115,147,221,1870,1875,undirected,1
ID0000004,ID0000116,147,223,1873,1873,undirected,1
ID0000004,ID0000116,147,240,1873,1875,undirected,1
ID0000004,ID0000117,147,225,1872,1875,undirected,1
ID0000004,ID0000118,147,227,1873,1875,undirected,1
ID0000004,ID0000118,147,255,1875,1875,undirected,1
ID0000004,ID0000131,147,251,1875,1875,undirected,1
ID0000005,ID0000007,24,14,1848,1850,undirected,1
ID0000005,ID0000011,24,16,1848,1850,undirected,1
ID0000005,ID0000013,24,20,1848,1850,undirected,1
ID0000005,ID0000014,24,22,1848,1849,undirected,1
ID0000005,ID0000015,24,23,1848,1850,undirected,1
ID0000005,ID0000016,24,26,1848,1848,undirected,1
ID0000005,ID0000032,257,261,1876,1876,undirected,1
ID0000005,ID0000035,193,64,1869,1869,undirected,1
ID0000005,ID0000035,193,172,1869,1869,undirected,1
ID0000005,ID0000039,24,68,1850,1850,undirected,1
ID0000005,ID0000057,193,87,1869,1869,undirected,1
ID0000005,ID0000062,257,258,1876,1876,undirected,1
ID0000005,ID0000063,193,118,1869,1869,undirected,1
ID0000005,ID0000064,193,119,1869,1869,undirected,1
ID0000005,ID0000073,193,138,1869,1869,undirected,1
ID0000005,ID0000082,193,155,1869,1869,undirected,1
ID0000005,ID0000089,257,169,1876,1876,undirected,1
ID0000005,ID0000089,257,170,1876,1876,undirected,1
ID0000005,ID0000089,257,259,1876,1876,undirected,1
ID0000005,ID0000090,193,173,1869,1869,undirected,1
ID0000005,ID0000091,193,174,1869,1869,undirected,1
ID0000005,ID0000092,193,175,1869,1869,undirected,1
ID0000005,ID0000092,257,176,1876,1876,undirected,1
ID0000005,ID0000103,193,194,1869,1869,undirected,1
ID0000005,ID0000104,193,195,1869,1869,undirected,1
ID0000005,ID0000105,193,197,1869,1869,undirected,1
ID0000006,ID0000007,4,14,1847,1847,undirected,1
ID0000006,ID0000008,4,7,1845,1846,undirected,1
ID0000006,ID0000008,4,8,1847,1847,undirected,1
ID0000006,ID0000009,4,13,1842,1844,undirected,1
ID0000006,ID0000011,4,16,1847,1847,undirected,1
ID0000006,ID0000012,4,17,1846,1847,undirected,1
ID0000006,ID0000013,4,20,1847,1847,undirected,1
ID0000006,ID0000014,4,22,1847,1847,undirected,1
ID0000006,ID0000016,4,26,1847,1847,undirected,1
ID0000006,ID0000020,91,37,1862,1863,undirected,1
ID0000006,ID0000020,91,63,1862,1863,undirected,1
ID0000006,ID0000020,132,63,1864,1864,undirected,1
ID0000006,ID0000020,215,38,1873,1873,undirected,1
ID0000006,ID0000023,91,43,1862,1863,undirected,1
ID0000006,ID0000023,132,43,1864,1864,undirected,1
ID0000006,ID0000023,148,43,1865,1865,undirected,1
ID0000006,ID0000023,148,171,1867,1869,undirected,1
ID0000006,ID0000023,215,213,1873,1873,undirected,1
ID0000006,ID0000026,132,49,1864,1864,undirected,1
ID0000006,ID0000029,91,92,1862,1863,undirected,1
ID0000006,ID0000030,132,90,1864,1864,undirected,1
ID0000006,ID0000030,148,90,1865,1866,undirected,1
ID0000006,ID0000032,148,142,1865,1868,undirected,1
ID0000006,ID0000032,215,226,1873,1873,undirected,1
ID0000006,ID0000035,215,64,1873,1873,undirected,1
ID0000006,ID0000035,215,214,1873,1873,undirected,1
ID0000006,ID0000041,91,75,1862,1863,undirected,1
ID0000006,ID0000041,132,75,1864,1864,undirected,1
ID0000006,ID0000041,148,75,1865,1869,undirected,1
ID0000006,ID0000041,148,76,1870,1870,undirected,1
ID0000006,ID0000041,215,76,1873,1873,undirected,1
ID0000006,ID0000041,215,77,1873,1873,undirected,1
ID0000006,ID0000043,132,82,1864,1864,undirected,1
ID0000006,ID0000043,148,82,1865,1868,undirected,1
ID0000006,ID0000044,132,83,1864,1864,undirected,1
ID0000006,ID0000046,132,86,1864,1864,undirected,1
ID0000006,ID0000046,148,156,1865,1865,undirected,1
ID0000006,ID0000046,148,192,1868,1868,undirected,1
ID0000006,ID0000046,148,202,1869,1869,undirected,1
ID0000006,ID0000047,215,224,1873,1873,undirected,1
ID0000006,ID0000048,148,140,1865,1870,undirected,1
ID0000006,ID0000048,215,140,1873,1873,undirected,1
ID0000006,ID0000049,91,120,1863,1863,undirected,1
ID0000006,ID0000049,132,120,1864,1864,undirected,1
ID0000006,ID0000051,91,105,1862,1863,undirected,1
ID0000006,ID0000051,91,127,1863,1863,undirected,1
ID0000006,ID0000051,132,143,1864,1864,undirected,1
ID0000006,ID0000051,148,143,1865,1869,undirected,1
ID0000006,ID0000053,91,113,1862,1863,undirected,1
ID0000006,ID0000053,132,113,1864,1864,undirected,1
ID0000006,ID0000053,148,113,1865,1867,undirected,1
ID0000006,ID0000054,91,114,1862,1863,undirected,1
ID0000006,ID0000057,132,87,1864,1864,undirected,1
ID0000006,ID0000057,148,87,1865,1870,undirected,1
ID0000006,ID0000057,215,87,1873,1873,undirected,1
ID0000006,ID0000059,91,93,1862,1862,undirected,1
ID0000006,ID0000059,91,126,1863,1863,undirected,1
ID0000006,ID0000060,91,94,1862,1862,undirected,1
ID0000006,ID0000061,91,95,1862,1862,undirected,1
ID0000006,ID0000062,91,96,1862,1863,undirected,1
ID0000006,ID0000062,132,96,1864,1864,undirected,1
ID0000006,ID0000062,148,96,1865,1867,undirected,1
ID0000006,ID0000062,215,97,1873,1873,undirected,1
ID0000006,ID0000063,132,118,1864,1864,undirected,1
ID0000006,ID0000063,148,118,1865,1870,undirected,1
ID0000006,ID0000063,215,118,1873,1873,undirected,1
ID0000006,ID0000064,132,119,1864,1864,undirected,1
ID0000006,ID0000064,148,119,1865,1870,undirected,1
ID0000006,ID0000064,215,119,1873,1873,undirected,1
ID0000006,ID0000065,91,122,1863,1863,undirected,1
ID0000006,ID0000065,132,122,1864,1864,undirected,1
ID0000006,ID0000065,148,122,1865,1865,undirected,1
ID0000006,ID0000065,148,165,1865,1868,undirected,1
ID0000006,ID0000066,91,123,1863,1863,undirected,1
ID0000006,ID0000068,91,128,1863,1863,undirected,1
ID0000006,ID0000068,132,128,1864,1864,undirected,1
ID0000006,ID0000068,148,128,1865,1865,undirected,1
ID0000006,ID0000070,132,133,1864,1864,undirected,1
ID0000006,ID0000072,132,137,1864,1864,undirected,1
ID0000006,ID0000072,148,137,1865,1865,undirected,1
ID0000006,ID0000073,132,138,1864,1864,undirected,1
ID0000006,ID0000073,148,138,1865,1870,undirected,1
ID0000006,ID0000073,215,138,1873,1873,undirected,1
ID0000006,ID0000075,132,141,1864,1864,undirected,1
ID0000006,ID0000075,148,159,1865,1865,undirected,1
ID0000006,ID0000082,132,155,1864,1864,undirected,1
ID0000006,ID0000082,148,155,1865,1869,undirected,1
ID0000006,ID0000083,148,161,1865,1865,undirected,1
ID0000006,ID0000084,148,162,1865,1865,undirected,1
ID0000006,ID0000085,148,163,1865,1870,undirected,1
ID0000006,ID0000085,215,163,1873,1873,undirected,1
ID0000006,ID0000087,148,166,1867,1870,undirected,1
ID0000006,ID0000087,215,166,1873,1873,undirected,1
ID0000006,ID0000088,148,167,1867,1870,undirected,1
ID0000006,ID0000088,215,167,1873,1873,undirected,1
ID0000006,ID0000089,148,168,1867,1870,undirected,1
ID0000006,ID0000089,215,168,1873,1873,undirected,1
ID0000006,ID0000091,215,174,1873,1873,undirected,1
ID0000006,ID0000092,215,175,1873,1873,undirected,1
ID0000006,ID0000099,148,187,1868,1869,undirected,1
ID0000006,ID0000100,148,188,1868,1869,undirected,1
ID0000006,ID0000106,148,200,1869,1870,undirected,1
ID0000006,ID0000106,215,200,1873,1873,undirected,1
ID0000006,ID0000107,148,201,1869,1869,undirected,1
ID0000006,ID0000107,215,229,1873,1873,undirected,1
ID0000006,ID0000109,148,208,1870,1870,undirected,1
ID0000006,ID0000109,215,208,1873,1873,undirected,1
ID0000006,ID0000110,148,209,1870,1870,undirected,1
ID0000006,ID0000110,215,209,1873,1873,undirected,1
ID0000006,ID0000111,148,210,1870,1870,undirected,1
ID0000006,ID0000111,215,210,1873,1873,undirected,1
ID0000006,ID0000112,215,216,1873,1873,undirected,1
ID0000006,ID0000113,215,217,1873,1873,undirected,1
ID0000006,ID0000114,215,219,1873,1873,undirected,1
ID0000006,ID0000115,215,221,1873,1873,undirected,1
ID0000006,ID0000116,215,223,1873,1873,undirected,1
ID0000006,ID0000116,215,240,1873,1873,undirected,1
ID0000006,ID0000117,215,225,1873,1873,undirected,1
ID0000006,ID0000118,215,227,1873,1873,undirected,1
ID0000007,ID0000011,14,16,1847,1850,undirected,1
ID0000007,ID0000012,14,17,1847,1847,undirected,1
ID0000007,ID0000012,14,18,1848,1848,undirected,1
ID0000007,ID0000013,14,20,1847,1850,undirected,1
ID0000007,ID0000014,14,22,1847,1849,undirected,1
ID0000007,ID0000015,14,23,1848,1850,undirected,1
ID0000007,ID0000016,14,26,1847,1848,undirected,1
ID0000007,ID0000039,14,68,1850,1850,undirected,1
ID0000008,ID0000012,7,17,1846,1846,undirected,1
ID0000008,ID0000012,8,17,1847,1847,undirected,1
ID0000008,ID0000012,8,18,1848,1848,undirected,1
ID0000010,ID0000017,15,28,1848,1850,undirected,1
ID0000011,ID0000012,16,17,1847,1847,undirected,1
ID0000011,ID0000012,16,18,1848,1848,undirected,1
ID0000011,ID0000013,16,20,1847,1850,undirected,1
ID0000011,ID0000014,16,22,1847,1849,undirected,1
ID0000011,ID0000015,16,23,1848,1852,undirected,1
ID0000011,ID0000016,16,26,1847,1848,undirected,1
ID0000011,ID0000026,16,47,1851,1852,undirected,1
ID0000011,ID0000039,16,68,1850,1852,undirected,1
ID0000012,ID0000013,17,20,1847,1847,undirected,1
ID0000012,ID0000013,18,20,1848,1848,undirected,1
ID0000012,ID0000014,17,22,1847,1847,undirected,1
ID0000012,ID0000014,18,22,1848,1848,undirected,1
ID0000012,ID0000016,17,26,1847,1847,undirected,1
ID0000012,ID0000016,18,26,1848,1848,undirected,1
ID0000013,ID0000014,20,22,1847,1849,undirected,1
ID0000013,ID0000015,20,23,1848,1850,undirected,1
ID0000013,ID0000016,20,26,1847,1848,undirected,1
ID0000013,ID0000039,20,68,1850,1850,undirected,1
ID0000014,ID0000015,22,23,1848,1849,undirected,1
ID0000014,ID0000016,22,26,1847,1848,undirected,1
ID0000015,ID0000016,23,26,1848,1848,undirected,1
ID0000015,ID0000025,23,45,1859,1859,undirected,1
ID0000015,ID0000025,23,106,1862,1862,undirected,1
ID0000015,ID0000026,23,47,1851,1853,undirected,1
ID0000015,ID0000026,23,48,1854,1855,undirected,1
ID0000015,ID0000026,23,49,1859,1862,undirected,1
ID0000015,ID0000030,23,89,1862,1862,undirected,1
ID0000015,ID0000039,23,68,1850,1852,undirected,1
ID0000015,ID0000039,23,69,1853,1854,undirected,1
ID0000015,ID0000039,23,70,1855,1855,undirected,1
ID0000015,ID0000039,23,71,1856,1856,undirected,1
ID0000015,ID0000039,23,72,1859,1859,undirected,1
ID0000017,ID0000018,28,34,1854,1855,undirected,1
ID0000017,ID0000039,28,69,1853,1854,undirected,1
ID0000017,ID0000039,28,70,1855,1855,undirected,1
ID0000018,ID0000019,34,36,1856,1856,undirected,1
ID0000018,ID0000020,34,37,1856,1856,undirected,1
ID0000018,ID0000020,35,37,1857,1857,undirected,1
ID0000018,ID0000021,34,41,1856,1856,undirected,1
ID0000018,ID0000021,35,41,1857,1857,undirected,1
ID0000018,ID0000022,34,42,1856,1856,undirected,1
ID0000018,ID0000022,35,42,1857,1857,undirected,1
ID0000018,ID0000023,34,43,1856,1856,undirected,1
ID0000018,ID0000023,35,43,1857,1857,undirected,1
ID0000018,ID0000024,34,44,1856,1856,undirected,1
ID0000018,ID0000024,35,44,1857,1857,undirected,1
ID0000018,ID0000039,34,69,1854,1854,undirected,1
ID0000018,ID0000039,34,70,1855,1855,undirected,1
ID0000018,ID0000039,34,71,1856,1856,undirected,1
ID0000019,ID0000020,36,37,1856,1856,undirected,1
ID0000019,ID0000021,36,41,1856,1856,undirected,1
ID0000019,ID0000022,36,42,1856,1856,undirected,1
ID0000019,ID0000023,36,43,1856,1856,undirected,1
ID0000019,ID0000024,36,44,1856,1856,undirected,1
ID0000020,ID0000021,37,41,1856,1857,undirected,1
ID0000020,ID0000022,37,42,1856,1858,undirected,1
ID0000020,ID0000023,37,43,1856,1863,undirected,1
ID0000020,ID0000023,62,43,1859,1859,undirected,1
ID0000020,ID0000023,63,43,1860,1864,undirected,1
ID0000020,ID0000023,38,213,1873,1873,undirected,1
ID0000020,ID0000023,39,213,1874,1874,undirected,1
ID0000020,ID0000024,37,44,1856,1857,undirected,1
ID0000020,ID0000029,37,92,1862,1863,undirected,1
ID0000020,ID0000029,63,92,1862,1863,undirected,1
ID0000020,ID0000032,63,142,1864,1864,undirected,1
ID0000020,ID0000032,38,226,1873,1873,undirected,1
ID0000020,ID0000032,39,226,1874,1874,undirected,1
ID0000020,ID0000034,37,61,1859,1859,undirected,1
ID0000020,ID0000034,37,78,1859,1859,undirected,1
ID0000020,ID0000034,62,61,1859,1859,undirected,1
ID0000020,ID0000034,62,78,1859,1859,undirected,1
ID0000020,ID0000039,37,72,1859,1859,undirected,1
ID0000020,ID0000039,62,72,1859,1859,undirected,1
ID0000020,ID0000040,37,73,1859,1859,undirected,1
ID0000020,ID0000040,62,73,1859,1859,undirected,1
ID0000020,ID0000040,37,108,1862,1863,undirected,1
ID0000020,ID0000040,63,108,1862,1863,undirected,1
ID0000020,ID0000041,37,75,1859,1863,undirected,1
ID0000020,ID0000041,62,75,1859,1859,undirected,1
ID0000020,ID0000041,63,75,1860,1864,undirected,1
ID0000020,ID0000041,38,76,1873,1873,undirected,1
ID0000020,ID0000041,38,77,1873,1873,undirected,1
ID0000020,ID0000042,37,79,1859,1859,undirected,1
ID0000020,ID0000042,62,79,1859,1859,undirected,1
ID0000020,ID0000042,37,107,1862,1863,undirected,1
ID0000020,ID0000042,63,107,1862,1864,undirected,1
ID0000020,ID0000042,38,237,1873,1873,undirected,1
ID0000020,ID0000042,39,243,1874,1874,undirected,1
ID0000020,ID0000048,63,140,1864,1864,undirected,1
ID0000020,ID0000048,38,140,1873,1873,undirected,1
ID0000020,ID0000048,39,140,1874,1874,undirected,1
ID0000020,ID0000049,37,120,1863,1863,undirected,1
ID0000020,ID0000049,63,120,1863,1864,undirected,1
ID0000020,ID0000051,37,105,1862,1863,undirected,1
ID0000020,ID0000051,63,105,1862,1863,undirected,1
ID0000020,ID0000051,37,127,1863,1863,undirected,1
ID0000020,ID0000051,63,127,1863,1863,undirected,1
ID0000020,ID0000051,63,143,1864,1864,undirected,1
ID0000020,ID0000053,37,113,1862,1863,undirected,1
ID0000020,ID0000053,63,113,1862,1864,undirected,1
ID0000020,ID0000054,37,114,1862,1863,undirected,1
ID0000020,ID0000054,63,114,1862,1863,undirected,1
ID0000020,ID0000059,37,93,1862,1862,undirected,1
ID0000020,ID0000059,63,93,1862,1862,undirected,1
ID0000020,ID0000059,37,126,1863,1863,undirected,1
ID0000020,ID0000059,63,126,1863,1863,undirected,1
ID0000020,ID0000060,37,94,1862,1862,undirected,1
ID0000020,ID0000060,63,94,1862,1862,undirected,1
ID0000020,ID0000061,37,95,1862,1862,undirected,1
ID0000020,ID0000061,63,95,1862,1862,undirected,1
ID0000020,ID0000062,37,96,1862,1863,undirected,1
ID0000020,ID0000062,63,96,1862,1864,undirected,1
ID0000020,ID0000062,38,97,1873,1873,undirected,1
ID0000020,ID0000062,39,97,1874,1874,undirected,1
ID0000020,ID0000062,39,98,1874,1874,undirected,1
ID0000020,ID0000065,37,122,1863,1863,undirected,1
ID0000020,ID0000065,63,122,1863,1864,undirected,1
ID0000020,ID0000066,37,123,1863,1863,undirected,1
ID0000020,ID0000066,63,123,1863,1863,undirected,1
ID0000020,ID0000068,37,128,1863,1863,undirected,1
ID0000020,ID0000068,63,128,1863,1864,undirected,1
ID0000020,ID0000074,63,139,1864,1864,undirected,1
ID0000020,ID0000078,63,146,1864,1864,undirected,1
ID0000021,ID0000022,41,42,1856,1857,undirected,1
ID0000021,ID0000023,41,43,1856,1857,undirected,1
ID0000021,ID0000024,41,44,1856,1857,undirected,1
ID0000022,ID0000023,42,43,1856,1858,undirected,1
ID0000022,ID0000024,42,44,1856,1857,undirected,1
ID0000023,ID0000024,43,44,1856,1857,undirected,1
ID0000023,ID0000025,213,246,1874,1874,undirected,1
ID0000023,ID0000029,43,92,1862,1863,undirected,1
ID0000023,ID0000032,43,142,1864,1865,undirected,1
ID0000023,ID0000032,171,142,1867,1868,undirected,1
ID0000023,ID0000032,213,226,1873,1875,undirected,1
ID0000023,ID0000032,265,261,1876,1876,undirected,1
ID0000023,ID0000034,43,61,1859,1859,undirected,1
ID0000023,ID0000034,43,78,1859,1859,undirected,1
ID0000023,ID0000039,43,72,1859,1859,undirected,1
ID0000023,ID0000040,43,73,1859,1859,undirected,1
ID0000023,ID0000040,43,108,1862,1863,undirected,1
ID0000023,ID0000041,43,75,1859,1865,undirected,1
ID0000023,ID0000041,171,75,1867,1869,undirected,1
ID0000023,ID0000041,213,76,1873,1873,undirected,1
ID0000023,ID0000041,213,77,1873,1873,undirected,1
ID0000023,ID0000042,43,79,1859,1859,undirected,1
ID0000023,ID0000042,43,107,1862,1865,undirected,1
ID0000023,ID0000042,43,160,1865,1865,undirected,1
ID0000023,ID0000042,171,160,1867,1868,undirected,1
ID0000023,ID0000042,171,198,1869,1869,undirected,1
ID0000023,ID0000042,213,237,1873,1873,undirected,1
ID0000023,ID0000042,213,243,1874,1874,undirected,1
ID0000023,ID0000042,213,253,1875,1875,undirected,1
ID0000023,ID0000048,43,140,1864,1865,undirected,1
ID0000023,ID0000048,171,140,1867,1869,undirected,1
ID0000023,ID0000048,213,140,1873,1875,undirected,1
ID0000023,ID0000048,265,101,1876,1876,undirected,1
ID0000023,ID0000048,265,266,1876,1876,undirected,1
ID0000023,ID0000049,43,120,1863,1864,undirected,1
ID0000023,ID0000051,43,105,1862,1863,undirected,1
ID0000023,ID0000051,43,127,1863,1863,undirected,1
ID0000023,ID0000051,43,143,1864,1865,undirected,1
ID0000023,ID0000051,171,143,1867,1869,undirected,1
ID0000023,ID0000053,43,113,1862,1865,undirected,1
ID0000023,ID0000053,171,113,1867,1867,undirected,1
ID0000023,ID0000054,43,114,1862,1863,undirected,1
ID0000023,ID0000059,43,93,1862,1862,undirected,1
ID0000023,ID0000059,43,126,1863,1863,undirected,1
ID0000023,ID0000060,43,94,1862,1862,undirected,1
ID0000023,ID0000061,43,95,1862,1862,undirected,1
ID0000023,ID0000062,43,96,1862,1865,undirected,1
ID0000023,ID0000062,171,96,1867,1867,undirected,1
ID0000023,ID0000062,213,97,1873,1874,undirected,1
ID0000023,ID0000062,213,98,1874,1875,undirected,1
ID0000023,ID0000062,265,258,1876,1876,undirected,1
ID0000023,ID0000065,43,122,1863,1865,undirected,1
ID0000023,ID0000065,43,165,1865,1865,undirected,1
ID0000023,ID0000065,171,165,1867,1868,undirected,1
ID0000023,ID0000066,43,123,1863,1863,undirected,1
ID0000023,ID0000068,43,128,1863,1865,undirected,1
ID0000023,ID0000073,213,247,1874,1875,undirected,1
ID0000023,ID0000074,43,139,1864,1864,undirected,1
ID0000023,ID0000075,43,159,1865,1865,undirected,1
ID0000023,ID0000078,43,146,1864,1864,undirected,1
ID0000023,ID0000083,43,161,1865,1865,undirected,1
ID0000023,ID0000084,43,162,1865,1865,undirected,1
ID0000023,ID0000085,43,163,1865,1865,undirected,1
ID0000023,ID0000085,171,163,1867,1869,undirected,1
ID0000023,ID0000085,213,163,1873,1875,undirected,1
ID0000023,ID0000087,171,166,1867,1869,undirected,1
ID0000023,ID0000087,213,166,1873,1873,undirected,1
ID0000023,ID0000088,171,167,1867,1869,undirected,1
ID0000023,ID0000088,213,167,1873,1875,undirected,1
ID0000023,ID0000089,171,168,1867,1869,undirected,1
ID0000023,ID0000089,213,168,1873,1875,undirected,1
ID0000023,ID0000089,265,169,1876,1876,undirected,1
ID0000023,ID0000089,265,170,1876,1876,undirected,1
ID0000023,ID0000089,265,259,1876,1876,undirected,1
ID0000023,ID0000099,171,187,1868,1869,undirected,1
ID0000023,ID0000100,171,188,1868,1869,undirected,1
ID0000023,ID0000106,171,200,1869,1869,undirected,1
ID0000023,ID0000106,213,200,1873,1875,undirected,1
ID0000023,ID0000106,265,267,1876,1876,undirected,1
ID0000023,ID0000107,171,201,1869,1869,undirected,1
ID0000023,ID0000107,213,229,1873,1873,undirected,1
ID0000023,ID0000107,213,248,1874,1875,undirected,1
ID0000023,ID0000107,265,264,1876,1876,undirected,1
ID0000023,ID0000109,213,208,1873,1875,undirected,1
ID0000023,ID0000110,213,209,1873,1875,undirected,1
ID0000023,ID0000111,213,210,1873,1873,undirected,1
ID0000023,ID0000127,213,241,1873,1875,undirected,1
ID0000025,ID0000042,246,243,1874,1874,undirected,1
ID0000025,ID0000048,106,124,1863,1863,undirected,1
ID0000025,ID0000048,106,140,1864,1865,undirected,1
ID0000025,ID0000048,189,140,1868,1869,undirected,1
ID0000025,ID0000048,246,140,1874,1874,undirected,1
ID0000025,ID0000051,189,143,1868,1869,undirected,1
ID0000025,ID0000073,246,247,1874,1874,undirected,1
ID0000025,ID0000085,246,163,1874,1874,undirected,1
ID0000025,ID0000088,246,167,1874,1874,undirected,1
ID0000025,ID0000089,246,168,1874,1874,undirected,1
ID0000025,ID0000106,246,200,1874,1874,undirected,1
ID0000025,ID0000109,246,208,1874,1874,undirected,1
ID0000025,ID0000110,246,209,1874,1874,undirected,1
ID0000025,ID0000127,246,241,1874,1874,undirected,1
ID0000026,ID0000027,49,50,1859,1863,undirected,1
ID0000026,ID0000027,49,51,1864,1864,undirected,1
ID0000026,ID0000028,49,54,1859,1859,undirected,1
ID0000026,ID0000029,49,55,1859,1859,undirected,1
ID0000026,ID0000029,49,92,1862,1863,undirected,1
ID0000026,ID0000030,49,57,1859,1861,undirected,1
ID0000026,ID0000030,49,89,1862,1863,undirected,1
ID0000026,ID0000030,49,90,1863,1864,undirected,1
ID0000026,ID0000031,49,58,1859,1859,undirected,1
ID0000026,ID0000032,49,59,1859,1862,undirected,1
ID0000026,ID0000032,49,142,1864,1864,undirected,1
ID0000026,ID0000033,49,60,1859,1859,undirected,1
ID0000026,ID0000039,47,68,1851,1852,undirected,1
ID0000026,ID0000039,47,69,1853,1853,undirected,1
ID0000026,ID0000039,48,69,1854,1854,undirected,1
ID0000026,ID0000039,48,70,1855,1855,undirected,1
ID0000026,ID0000039,49,72,1859,1859,undirected,1
ID0000026,ID0000043,49,82,1862,1864,undirected,1
ID0000026,ID0000044,49,83,1862,1864,undirected,1
ID0000026,ID0000045,49,84,1862,1863,undirected,1
ID0000026,ID0000046,49,86,1862,1864,undirected,1
ID0000026,ID0000056,49,117,1863,1863,undirected,1
ID0000026,ID0000056,49,135,1864,1864,undirected,1
ID0000026,ID0000057,49,87,1862,1864,undirected,1
ID0000026,ID0000058,49,88,1862,1862,undirected,1
ID0000026,ID0000063,49,118,1863,1864,undirected,1
ID0000026,ID0000064,49,119,1863,1864,undirected,1
ID0000026,ID0000070,49,133,1864,1864,undirected,1
ID0000026,ID0000072,49,137,1864,1864,undirected,1
ID0000026,ID0000073,49,138,1864,1864,undirected,1
ID0000026,ID0000075,49,141,1864,1864,undirected,1
ID0000026,ID0000082,49,155,1863,1864,undirected,1
ID0000027,ID0000028,50,54,1859,1859,undirected,1
ID0000027,ID0000029,50,55,1859,1859,undirected,1
ID0000027,ID0000029,50,92,1862,1863,undirected,1
ID0000027,ID0000030,50,57,1859,1861,undirected,1
ID0000027,ID0000030,50,89,1862,1863,undirected,1
ID0000027,ID0000030,50,90,1863,1863,undirected,1
ID0000027,ID0000030,51,90,1864,1864,undirected,1
ID0000027,ID0000030,52,90,1865,1866,undirected,1
ID0000027,ID0000031,50,58,1859,1859,undirected,1
ID0000027,ID0000032,50,59,1859,1862,undirected,1
ID0000027,ID0000032,51,142,1864,1864,undirected,1
ID0000027,ID0000032,52,142,1865,1868,undirected,1
ID0000027,ID0000033,50,60,1859,1859,undirected,1
ID0000027,ID0000043,50,82,1862,1863,undirected,1
ID0000027,ID0000043,51,82,1864,1864,undirected,1
ID0000027,ID0000043,52,82,1865,1868,undirected,1
ID0000027,ID0000044,50,83,1862,1863,undirected,1
ID0000027,ID0000044,51,83,1864,1864,undirected,1
ID0000027,ID0000045,50,84,1862,1863,undirected,1
ID0000027,ID0000046,50,86,1862,1863,undirected,1
ID0000027,ID0000046,51,86,1864,1864,undirected,1
ID0000027,ID0000046,52,156,1865,1865,undirected,1
ID0000027,ID0000046,52,192,1868,1868,undirected,1
ID0000027,ID0000046,52,202,1869,1869,undirected,1
ID0000027,ID0000056,50,117,1863,1863,undirected,1
ID0000027,ID0000056,51,135,1864,1864,undirected,1
ID0000027,ID0000056,52,135,1865,1865,undirected,1
ID0000027,ID0000056,52,136,1866,1867,undirected,1
ID0000027,ID0000056,52,180,1868,1869,undirected,1
ID0000027,ID0000057,50,87,1862,1863,undirected,1
ID0000027,ID0000057,51,87,1864,1864,undirected,1
ID0000027,ID0000057,52,87,1865,1869,undirected,1
ID0000027,ID0000058,50,88,1862,1862,undirected,1
ID0000027,ID0000063,50,118,1863,1863,undirected,1
ID0000027,ID0000063,51,118,1864,1864,undirected,1
ID0000027,ID0000063,52,118,1865,1869,undirected,1
ID0000027,ID0000064,50,119,1863,1863,undirected,1
ID0000027,ID0000064,51,119,1864,1864,undirected,1
ID0000027,ID0000064,52,119,1865,1869,undirected,1
ID0000027,ID0000082,50,155,1863,1863,undirected,1
ID0000027,ID0000082,51,155,1864,1864,undirected,1
ID0000027,ID0000082,52,155,1865,1869,undirected,1
ID0000028,ID0000029,54,55,1859,1859,undirected,1
ID0000028,ID0000030,54,57,1859,1859,undirected,1
ID0000028,ID0000031,54,58,1859,1859,undirected,1
ID0000028,ID0000032,54,59,1859,1859,undirected,1
ID0000028,ID0000033,54,60,1859,1859,undirected,1
ID0000029,ID0000030,55,57,1859,1859,undirected,1
ID0000029,ID0000030,92,89,1862,1863,undirected,1
ID0000029,ID0000030,92,90,1863,1863,undirected,1
ID0000029,ID0000031,55,58,1859,1859,undirected,1
ID0000029,ID0000032,55,59,1859,1859,undirected,1
ID0000029,ID0000032,92,59,1862,1862,undirected,1
ID0000029,ID0000033,55,60,1859,1859,undirected,1
ID0000029,ID0000041,92,75,1862,1863,undirected,1
ID0000029,ID0000049,92,120,1863,1863,undirected,1
ID0000029,ID0000051,92,105,1862,1863,undirected,1
ID0000029,ID0000051,92,127,1863,1863,undirected,1
ID0000029,ID0000053,92,113,1862,1863,undirected,1
ID0000029,ID0000054,92,114,1862,1863,undirected,1
ID0000029,ID0000059,92,93,1862,1862,undirected,1
ID0000029,ID0000059,92,126,1863,1863,undirected,1
ID0000029,ID0000060,92,94,1862,1862,undirected,1
ID0000029,ID0000061,92,95,1862,1862,undirected,1
ID0000029,ID0000062,92,96,1862,1863,undirected,1
ID0000029,ID0000065,92,122,1863,1863,undirected,1
ID0000029,ID0000066,92,123,1863,1863,undirected,1
ID0000029,ID0000068,92,128,1863,1863,undirected,1
ID0000030,ID0000031,57,58,1859,1859,undirected,1
ID0000030,ID0000032,57,59,1859,1861,undirected,1
ID0000030,ID0000032,89,59,1862,1862,undirected,1
ID0000030,ID0000032,90,142,1864,1866,undirected,1
ID0000030,ID0000033,57,60,1859,1859,undirected,1
ID0000030,ID0000043,89,82,1862,1863,undirected,1
ID0000030,ID0000043,90,82,1863,1866,undirected,1
ID0000030,ID0000044,89,83,1862,1863,undirected,1
ID0000030,ID0000044,90,83,1863,1864,undirected,1
ID0000030,ID0000045,89,84,1862,1863,undirected,1
ID0000030,ID0000045,90,84,1863,1863,undirected,1
ID0000030,ID0000046,89,86,1862,1863,undirected,1
ID0000030,ID0000046,90,86,1863,1864,undirected,1
ID0000030,ID0000046,90,156,1865,1865,undirected,1
ID0000030,ID0000056,89,117,1863,1863,undirected,1
ID0000030,ID0000056,90,117,1863,1863,undirected,1
ID0000030,ID0000056,90,135,1864,1865,undirected,1
ID0000030,ID0000056,90,136,1866,1866,undirected,1
ID0000030,ID0000057,89,87,1862,1863,undirected,1
ID0000030,ID0000057,90,87,1863,1866,undirected,1
ID0000030,ID0000063,89,118,1863,1863,undirected,1
ID0000030,ID0000063,90,118,1863,1866,undirected,1
ID0000030,ID0000064,89,119,1863,1863,undirected,1
ID0000030,ID0000064,90,119,1863,1866,undirected,1
ID0000030,ID0000070,90,133,1864,1864,undirected,1
ID0000030,ID0000072,90,137,1864,1865,undirected,1
ID0000030,ID0000073,90,138,1864,1866,undirected,1
ID0000030,ID0000075,90,141,1864,1864,undirected,1
ID0000030,ID0000075,90,159,1865,1865,undirected,1
ID0000030,ID0000079,90,149,1865,1866,undirected,1
ID0000030,ID0000080,90,151,1866,1866,undirected,1
ID0000030,ID0000081,90,154,1866,1866,undirected,1
ID0000030,ID0000082,89,155,1863,1863,undirected,1
ID0000030,ID0000082,90,155,1863,1866,undirected,1
ID0000030,ID0000090,90,173,1866,1866,undirected,1
ID0000031,ID0000032,58,59,1859,1859,undirected,1
ID0000031,ID0000033,58,60,1859,1859,undirected,1
ID0000032,ID0000033,59,60,1859,1859,undirected,1
ID0000032,ID0000035,226,64,1873,1873,undirected,1
ID0000032,ID0000035,226,214,1873,1873,undirected,1
ID0000032,ID0000041,142,75,1864,1868,undirected,1
ID0000032,ID0000041,226,76,1873,1873,undirected,1
ID0000032,ID0000041,226,77,1873,1873,undirected,1
ID0000032,ID0000043,59,82,1862,1862,undirected,1
ID0000032,ID0000043,142,82,1864,1868,undirected,1
ID0000032,ID0000044,59,83,1862,1862,undirected,1
ID0000032,ID0000044,142,83,1864,1864,undirected,1
ID0000032,ID0000045,59,84,1862,1862,undirected,1
ID0000032,ID0000046,59,86,1862,1862,undirected,1
ID0000032,ID0000046,142,86,1864,1864,undirected,1
ID0000032,ID0000046,142,156,1865,1865,undirected,1
ID0000032,ID0000046,142,192,1868,1868,undirected,1
ID0000032,ID0000047,226,224,1873,1873,undirected,1
ID0000032,ID0000047,226,244,1874,1875,undirected,1
ID0000032,ID0000048,142,140,1864,1868,undirected,1
ID0000032,ID0000048,226,140,1873,1875,undirected,1
ID0000032,ID0000048,261,101,1876,1876,undirected,1
ID0000032,ID0000048,261,266,1876,1876,undirected,1
ID0000032,ID0000049,142,120,1864,1864,undirected,1
ID0000032,ID0000053,142,113,1864,1867,undirected,1
ID0000032,ID0000057,59,87,1862,1862,undirected,1
ID0000032,ID0000057,142,87,1864,1868,undirected,1
ID0000032,ID0000057,226,87,1873,1874,undirected,1
ID0000032,ID0000058,59,88,1862,1862,undirected,1
ID0000032,ID0000062,142,96,1864,1867,undirected,1
ID0000032,ID0000062,226,97,1873,1874,undirected,1
ID0000032,ID0000062,226,98,1874,1875,undirected,1
ID0000032,ID0000062,261,258,1876,1876,undirected,1
ID0000032,ID0000063,226,118,1873,1875,undirected,1
ID0000032,ID0000064,226,119,1873,1875,undirected,1
ID0000032,ID0000065,142,122,1864,1865,undirected,1
ID0000032,ID0000065,142,165,1865,1868,undirected,1
ID0000032,ID0000068,142,128,1864,1865,undirected,1
ID0000032,ID0000073,226,138,1873,1873,undirected,1
ID0000032,ID0000073,226,247,1874,1875,undirected,1
ID0000032,ID0000074,142,139,1864,1864,undirected,1
ID0000032,ID0000075,142,159,1865,1865,undirected,1
ID0000032,ID0000078,142,146,1864,1864,undirected,1
ID0000032,ID0000083,142,161,1865,1865,undirected,1
ID0000032,ID0000084,142,162,1865,1865,undirected,1
ID0000032,ID0000085,142,163,1865,1868,undirected,1
ID0000032,ID0000085,226,163,1873,1875,undirected,1
ID0000032,ID0000087,142,166,1867,1868,undirected,1
ID0000032,ID0000087,226,166,1873,1873,undirected,1
ID0000032,ID0000088,142,167,1867,1868,undirected,1
ID0000032,ID0000088,226,167,1873,1875,undirected,1
ID0000032,ID0000089,142,168,1867,1868,undirected,1
ID0000032,ID0000089,226,168,1873,1875,undirected,1
ID0000032,ID0000089,261,169,1876,1876,undirected,1
ID0000032,ID0000089,261,170,1876,1876,undirected,1
ID0000032,ID0000089,261,259,1876,1876,undirected,1
ID0000032,ID0000091,226,174,1873,1875,undirected,1
ID0000032,ID0000092,226,175,1873,1875,undirected,1
ID0000032,ID0000092,261,176,1876,1876,undirected,1
ID0000032,ID0000099,142,187,1868,1868,undirected,1
ID0000032,ID0000100,142,188,1868,1868,undirected,1
ID0000032,ID0000108,226,204,1875,1875,undirected,1
ID0000032,ID0000112,226,216,1873,1875,undirected,1
ID0000032,ID0000113,226,217,1873,1875,undirected,1
ID0000032,ID0000114,226,219,1873,1875,undirected,1
ID0000032,ID0000114,261,220,1876,1876,undirected,1
ID0000032,ID0000115,226,221,1873,1875,undirected,1
ID0000032,ID0000115,261,222,1876,1876,undirected,1
ID0000032,ID0000116,226,223,1873,1873,undirected,1
ID0000032,ID0000116,226,240,1873,1875,undirected,1
ID0000032,ID0000116,261,263,1876,1876,undirected,1
ID0000032,ID0000117,226,225,1873,1875,undirected,1
ID0000032,ID0000118,226,227,1873,1875,undirected,1
ID0000032,ID0000118,226,255,1875,1875,undirected,1
ID0000032,ID0000131,226,251,1875,1875,undirected,1
ID0000032,ID0000131,261,262,1876,1876,undirected,1
ID0000034,ID0000039,61,72,1859,1859,undirected,1
ID0000034,ID0000039,78,72,1859,1859,undirected,1
ID0000034,ID0000040,61,73,1859,1859,undirected,1
ID0000034,ID0000040,78,73,1859,1859,undirected,1
ID0000034,ID0000041,61,75,1859,1859,undirected,1
ID0000034,ID0000041,78,75,1859,1859,undirected,1
ID0000034,ID0000042,61,79,1859,1859,undirected,1
ID0000034,ID0000042,78,79,1859,1859,undirected,1
ID0000035,ID0000036,64,65,1859,1859,undirected,1
ID0000035,ID0000037,64,66,1859,1859,undirected,1
ID0000035,ID0000038,64,67,1859,1859,undirected,1
ID0000035,ID0000041,64,76,1870,1873,undirected,1
ID0000035,ID0000041,64,77,1873,1873,undirected,1
ID0000035,ID0000041,214,76,1873,1873,undirected,1
ID0000035,ID0000041,214,77,1873,1873,undirected,1
ID0000035,ID0000042,64,107,1862,1865,undirected,1
ID0000035,ID0000042,64,160,1865,1868,undirected,1
ID0000035,ID0000042,172,160,1868,1868,undirected,1
ID0000035,ID0000042,64,198,1869,1869,undirected,1
ID0000035,ID0000042,172,198,1869,1869,undirected,1
ID0000035,ID0000042,64,237,1873,1873,undirected,1
ID0000035,ID0000042,214,237,1873,1873,undirected,1
ID0000035,ID0000043,64,82,1862,1868,undirected,1
ID0000035,ID0000043,172,82,1868,1868,undirected,1
ID0000035,ID0000047,64,99,1862,1869,undirected,1
ID0000035,ID0000047,172,99,1868,1869,undirected,1
ID0000035,ID0000047,64,224,1873,1873,undirected,1
ID0000035,ID0000047,214,224,1873,1873,undirected,1
ID0000035,ID0000048,64,100,1862,1862,undirected,1
ID0000035,ID0000048,64,124,1863,1863,undirected,1
ID0000035,ID0000048,64,140,1864,1873,undirected,1
ID0000035,ID0000048,172,140,1868,1869,undirected,1
ID0000035,ID0000048,214,140,1873,1873,undirected,1
ID0000035,ID0000056,64,180,1868,1869,undirected,1
ID0000035,ID0000056,172,180,1868,1869,undirected,1
ID0000035,ID0000057,64,87,1862,1873,undirected,1
ID0000035,ID0000057,172,87,1868,1869,undirected,1
ID0000035,ID0000057,214,87,1873,1873,undirected,1
ID0000035,ID0000062,64,97,1873,1873,undirected,1
ID0000035,ID0000062,214,97,1873,1873,undirected,1
ID0000035,ID0000063,64,118,1863,1873,undirected,1
ID0000035,ID0000063,172,118,1868,1869,undirected,1
ID0000035,ID0000063,214,118,1873,1873,undirected,1
ID0000035,ID0000064,64,119,1863,1873,undirected,1
ID0000035,ID0000064,172,119,1868,1869,undirected,1
ID0000035,ID0000064,214,119,1873,1873,undirected,1
ID0000035,ID0000071,64,134,1864,1864,undirected,1
ID0000035,ID0000073,64,138,1864,1873,undirected,1
ID0000035,ID0000073,172,138,1868,1869,undirected,1
ID0000035,ID0000073,214,138,1873,1873,undirected,1
ID0000035,ID0000082,64,155,1863,1869,undirected,1
ID0000035,ID0000082,172,155,1868,1869,undirected,1
ID0000035,ID0000090,64,173,1866,1870,undirected,1
ID0000035,ID0000090,172,173,1868,1869,undirected,1
ID0000035,ID0000091,64,174,1868,1873,undirected,1
ID0000035,ID0000091,172,174,1868,1869,undirected,1
ID0000035,ID0000091,214,174,1873,1873,undirected,1
ID0000035,ID0000092,64,175,1868,1873,undirected,1
ID0000035,ID0000092,172,175,1868,1869,undirected,1
ID0000035,ID0000092,214,175,1873,1873,undirected,1
ID0000035,ID0000093,64,178,1868,1868,undirected,1
ID0000035,ID0000093,172,178,1868,1868,undirected,1
ID0000035,ID0000093,64,235,1873,1873,undirected,1
ID0000035,ID0000093,214,235,1873,1873,undirected,1
ID0000035,ID0000094,64,179,1868,1868,undirected,1
ID0000035,ID0000094,172,179,1868,1868,undirected,1
ID0000035,ID0000095,64,181,1868,1869,undirected,1
ID0000035,ID0000095,172,181,1868,1869,undirected,1
ID0000035,ID0000095,64,234,1873,1873,undirected,1
ID0000035,ID0000095,214,234,1873,1873,undirected,1
ID0000035,ID0000096,64,182,1868,1868,undirected,1
ID0000035,ID0000096,172,182,1868,1868,undirected,1
ID0000035,ID0000096,64,199,1869,1869,undirected,1
ID0000035,ID0000096,172,199,1869,1869,undirected,1
ID0000035,ID0000103,64,194,1868,1871,undirected,1
ID0000035,ID0000103,172,194,1868,1869,undirected,1
ID0000035,ID0000104,64,195,1869,1869,undirected,1
ID0000035,ID0000104,172,195,1869,1869,undirected,1
ID0000035,ID0000105,64,197,1869,1871,undirected,1
ID0000035,ID0000105,172,197,1869,1869,undirected,1
ID0000035,ID0000107,64,229,1873,1873,undirected,1
ID0000035,ID0000107,214,229,1873,1873,undirected,1
ID0000035,ID0000112,64,216,1873,1873,undirected,1
ID0000035,ID0000112,214,216,1873,1873,undirected,1
ID0000035,ID0000113,64,217,1873,1873,undirected,1
ID0000035,ID0000113,214,217,1873,1873,undirected,1
ID0000035,ID0000114,64,219,1870,1873,undirected,1
ID0000035,ID0000114,214,219,1873,1873,undirected,1
ID0000035,ID0000115,64,221,1870,1873,undirected,1
ID0000035,ID0000115,214,221,1873,1873,undirected,1
ID0000035,ID0000116,64,223,1873,1873,undirected,1
ID0000035,ID0000116,64,240,1873,1873,undirected,1
ID0000035,ID0000116,214,223,1873,1873,undirected,1
ID0000035,ID0000116,214,240,1873,1873,undirected,1
ID0000035,ID0000117,64,225,1872,1873,undirected,1
ID0000035,ID0000117,214,225,1873,1873,undirected,1
ID0000035,ID0000118,64,227,1873,1873,undirected,1
ID0000035,ID0000118,214,227,1873,1873,undirected,1
ID0000035,ID0000119,64,228,1873,1873,undirected,1
ID0000035,ID0000119,214,228,1873,1873,undirected,1
ID0000035,ID0000120,64,230,1873,1873,undirected,1
ID0000035,ID0000120,214,230,1873,1873,undirected,1
ID0000035,ID0000121,64,231,1873,1873,undirected,1
ID0000035,ID0000121,214,231,1873,1873,undirected,1
ID0000036,ID0000037,65,66,1859,1859,undirected,1
ID0000036,ID0000038,65,67,1859,1859,undirected,1
ID0000037,ID0000038,66,67,1859,1859,undirected,1
ID0000039,ID0000040,72,73,1859,1859,undirected,1
ID0000039,ID0000041,72,75,1859,1859,undirected,1
ID0000039,ID0000042,72,79,1859,1859,undirected,1
ID0000040,ID0000041,73,75,1859,1859,undirected,1
ID0000040,ID0000041,108,75,1862,1863,undirected,1
ID0000040,ID0000041,74,76,1870,1870,undirected,1
ID0000040,ID0000042,73,79,1859,1859,undirected,1
ID0000040,ID0000042,108,107,1862,1863,undirected,1
ID0000040,ID0000052,108,109,1862,1862,undirected,1
ID0000040,ID0000052,108,110,1862,1862,undirected,1
ID0000040,ID0000055,108,115,1862,1863,undirected,1
ID0000040,ID0000059,108,126,1863,1863,undirected,1
ID0000041,ID0000042,75,79,1859,1859,undirected,1
ID0000041,ID0000042,75,107,1862,1865,undirected,1
ID0000041,ID0000042,75,160,1865,1868,undirected,1
ID0000041,ID0000042,75,198,1869,1869,undirected,1
ID0000041,ID0000042,76,237,1873,1873,undirected,1
ID0000041,ID0000042,77,237,1873,1873,undirected,1
ID0000041,ID0000047,76,224,1873,1873,undirected,1
ID0000041,ID0000047,77,224,1873,1873,undirected,1
ID0000041,ID0000048,75,140,1864,1869,undirected,1
ID0000041,ID0000048,76,140,1870,1873,undirected,1
ID0000041,ID0000048,77,140,1873,1873,undirected,1
ID0000041,ID0000049,75,120,1863,1864,undirected,1
ID0000041,ID0000051,75,105,1862,1863,undirected,1
ID0000041,ID0000051,75,127,1863,1863,undirected,1
ID0000041,ID0000051,75,143,1864,1869,undirected,1
ID0000041,ID0000053,75,113,1862,1867,undirected,1
ID0000041,ID0000054,75,114,1862,1863,undirected,1
ID0000041,ID0000057,76,87,1870,1873,undirected,1
ID0000041,ID0000057,77,87,1873,1873,undirected,1
ID0000041,ID0000059,75,93,1862,1862,undirected,1
ID0000041,ID0000059,75,126,1863,1863,undirected,1
ID0000041,ID0000060,75,94,1862,1862,undirected,1
ID0000041,ID0000061,75,95,1862,1862,undirected,1
ID0000041,ID0000062,75,96,1862,1867,undirected,1
ID0000041,ID0000062,76,97,1873,1873,undirected,1
ID0000041,ID0000062,77,97,1873,1873,undirected,1
ID0000041,ID0000063,76,118,1870,1873,undirected,1
ID0000041,ID0000063,77,118,1873,1873,undirected,1
ID0000041,ID0000064,76,119,1870,1873,undirected,1
ID0000041,ID0000064,77,119,1873,1873,undirected,1
ID0000041,ID0000065,75,122,1863,1865,undirected,1
ID0000041,ID0000065,75,165,1865,1868,undirected,1
ID0000041,ID0000066,75,123,1863,1863,undirected,1
ID0000041,ID0000068,75,128,1863,1865,undirected,1
ID0000041,ID0000073,76,138,1870,1873,undirected,1
ID0000041,ID0000073,77,138,1873,1873,undirected,1
ID0000041,ID0000074,75,139,1864,1864,undirected,1
ID0000041,ID0000075,75,159,1865,1865,undirected,1
ID0000041,ID0000078,75,146,1864,1864,undirected,1
ID0000041,ID0000083,75,161,1865,1865,undirected,1
ID0000041,ID0000084,75,162,1865,1865,undirected,1
ID0000041,ID0000085,75,163,1865,1869,undirected,1
ID0000041,ID0000085,76,163,1870,1873,undirected,1
ID0000041,ID0000085,77,163,1873,1873,undirected,1
ID0000041,ID0000087,75,166,1867,1869,undirected,1
ID0000041,ID0000087,76,166,1870,1873,undirected,1
ID0000041,ID0000087,77,166,1873,1873,undirected,1
ID0000041,ID0000088,75,167,1867,1869,undirected,1
ID0000041,ID0000088,76,167,1870,1873,undirected,1
ID0000041,ID0000088,77,167,1873,1873,undirected,1
ID0000041,ID0000089,75,168,1867,1869,undirected,1
ID0000041,ID0000089,76,168,1870,1873,undirected,1
ID0000041,ID0000089,77,168,1873,1873,undirected,1
ID0000041,ID0000090,76,173,1870,1870,undirected,1
ID0000041,ID0000091,76,174,1870,1873,undirected,1
ID0000041,ID0000091,77,174,1873,1873,undirected,1
ID0000041,ID0000092,76,175,1870,1873,undirected,1
ID0000041,ID0000092,77,175,1873,1873,undirected,1
ID0000041,ID0000099,75,187,1868,1869,undirected,1
ID0000041,ID0000100,75,188,1868,1869,undirected,1
ID0000041,ID0000103,76,194,1870,1871,undirected,1
ID0000041,ID0000105,76,197,1870,1871,undirected,1
ID0000041,ID0000106,75,200,1869,1869,undirected,1
ID0000041,ID0000106,76,200,1870,1873,undirected,1
ID0000041,ID0000106,77,200,1873,1873,undirected,1
ID0000041,ID0000107,75,201,1869,1869,undirected,1
ID0000041,ID0000107,76,229,1873,1873,undirected,1
ID0000041,ID0000107,77,229,1873,1873,undirected,1
ID0000041,ID0000112,76,216,1873,1873,undirected,1
ID0000041,ID0000112,77,216,1873,1873,undirected,1
ID0000041,ID0000113,76,217,1873,1873,undirected,1
ID0000041,ID0000113,77,217,1873,1873,undirected,1
ID0000041,ID0000114,76,219,1870,1873,undirected,1
ID0000041,ID0000114,77,219,1873,1873,undirected,1
ID0000041,ID0000115,76,221,1870,1873,undirected,1
ID0000041,ID0000115,77,221,1873,1873,undirected,1
ID0000041,ID0000116,76,223,1873,1873,undirected,1
ID0000041,ID0000116,76,240,1873,1873,undirected,1
ID0000041,ID0000116,77,223,1873,1873,undirected,1
ID0000041,ID0000116,77,240,1873,1873,undirected,1
ID0000041,ID0000117,76,225,1872,1873,undirected,1
ID0000041,ID0000117,77,225,1873,1873,undirected,1
ID0000041,ID0000118,76,227,1873,1873,undirected,1
ID0000041,ID0000118,77,227,1873,1873,undirected,1
ID0000042,ID0000047,107,99,1862,1865,undirected,1
ID0000042,ID0000047,160,99,1865,1868,undirected,1
ID0000042,ID0000047,198,99,1869,1869,undirected,1
ID0000042,ID0000047,237,224,1873,1873,undirected,1
ID0000042,ID0000047,243,244,1874,1874,undirected,1
ID0000042,ID0000047,253,244,1875,1875,undirected,1
ID0000042,ID0000048,243,140,1874,1874,undirected,1
ID0000042,ID0000048,253,140,1875,1875,undirected,1
ID0000042,ID0000056,160,180,1868,1868,undirected,1
ID0000042,ID0000056,198,180,1869,1869,undirected,1
ID0000042,ID0000073,243,247,1874,1874,undirected,1
ID0000042,ID0000073,253,247,1875,1875,undirected,1
ID0000042,ID0000085,243,163,1874,1874,undirected,1
ID0000042,ID0000085,253,163,1875,1875,undirected,1
ID0000042,ID0000088,243,167,1874,1874,undirected,1
ID0000042,ID0000088,253,167,1875,1875,undirected,1
ID0000042,ID0000089,243,168,1874,1874,undirected,1
ID0000042,ID0000089,253,168,1875,1875,undirected,1
ID0000042,ID0000095,160,181,1868,1868,undirected,1
ID0000042,ID0000095,198,181,1869,1869,undirected,1
ID0000042,ID0000095,237,234,1873,1873,undirected,1
ID0000042,ID0000095,243,234,1874,1874,undirected,1
ID0000042,ID0000096,160,182,1868,1868,undirected,1
ID0000042,ID0000096,198,199,1869,1869,undirected,1
ID0000042,ID0000106,243,200,1874,1874,undirected,1
ID0000042,ID0000106,253,200,1875,1875,undirected,1
ID0000042,ID0000109,243,208,1874,1874,undirected,1
ID0000042,ID0000109,253,208,1875,1875,undirected,1
ID0000042,ID0000110,243,209,1874,1874,undirected,1
ID0000042,ID0000110,253,209,1875,1875,undirected,1
ID0000042,ID0000125,237,238,1873,1873,undirected,1
ID0000042,ID0000126,237,239,1873,1873,undirected,1
ID0000042,ID0000126,243,239,1874,1874,undirected,1
ID0000042,ID0000126,253,239,1875,1875,undirected,1
ID0000042,ID0000127,243,241,1874,1874,undirected,1
ID0000042,ID0000127,253,241,1875,1875,undirected,1
ID0000043,ID0000044,82,83,1862,1864,undirected,1
ID0000043,ID0000045,82,84,1862,1863,undirected,1
ID0000043,ID0000046,82,86,1862,1864,undirected,1
ID0000043,ID0000046,82,156,1865,1865,undirected,1
ID0000043,ID0000046,82,192,1868,1868,undirected,1
ID0000043,ID0000056,82,117,1863,1863,undirected,1
ID0000043,ID0000056,82,135,1864,1865,undirected,1
ID0000043,ID0000056,82,136,1866,1867,undirected,1
ID0000043,ID0000056,82,180,1868,1868,undirected,1
ID0000043,ID0000057,82,87,1862,1868,undirected,1
ID0000043,ID0000058,82,88,1862,1862,undirected,1
ID0000043,ID0000063,82,118,1863,1868,undirected,1
ID0000043,ID0000064,82,119,1863,1868,undirected,1
ID0000043,ID0000070,82,133,1864,1864,undirected,1
ID0000043,ID0000072,82,137,1864,1865,undirected,1
ID0000043,ID0000073,82,138,1864,1868,undirected,1
ID0000043,ID0000075,82,141,1864,1864,undirected,1
ID0000043,ID0000075,82,159,1865,1865,undirected,1
ID0000043,ID0000079,82,149,1865,1866,undirected,1
ID0000043,ID0000080,82,151,1866,1866,undirected,1
ID0000043,ID0000080,82,152,1868,1868,undirected,1
ID0000043,ID0000081,82,154,1866,1866,undirected,1
ID0000043,ID0000082,82,155,1863,1868,undirected,1
ID0000043,ID0000090,82,173,1866,1868,undirected,1
ID0000043,ID0000091,82,174,1868,1868,undirected,1
ID0000043,ID0000092,82,175,1868,1868,undirected,1
ID0000043,ID0000093,82,178,1868,1868,undirected,1
ID0000043,ID0000094,82,179,1868,1868,undirected,1
ID0000043,ID0000103,82,194,1868,1868,undirected,1
ID0000044,ID0000045,83,84,1862,1863,undirected,1
ID0000044,ID0000046,83,86,1862,1864,undirected,1
ID0000044,ID0000056,83,117,1863,1863,undirected,1
ID0000044,ID0000056,83,135,1864,1864,undirected,1
ID0000044,ID0000057,83,87,1862,1864,undirected,1
ID0000044,ID0000058,83,88,1862,1862,undirected,1
ID0000044,ID0000063,83,118,1863,1864,undirected,1
ID0000044,ID0000064,83,119,1863,1864,undirected,1
ID0000044,ID0000070,83,133,1864,1864,undirected,1
ID0000044,ID0000072,83,137,1864,1864,undirected,1
ID0000044,ID0000073,83,138,1864,1864,undirected,1
ID0000044,ID0000075,83,141,1864,1864,undirected,1
ID0000044,ID0000082,83,155,1863,1864,undirected,1
ID0000045,ID0000046,84,86,1862,1863,undirected,1
ID0000045,ID0000056,84,117,1863,1863,undirected,1
ID0000045,ID0000057,84,87,1862,1863,undirected,1
ID0000045,ID0000058,84,88,1862,1862,undirected,1
ID0000045,ID0000063,84,118,1863,1863,undirected,1
ID0000045,ID0000064,84,119,1863,1863,undirected,1
ID0000045,ID0000082,84,155,1863,1863,undirected,1
ID0000046,ID0000056,86,117,1863,1863,undirected,1
ID0000046,ID0000056,86,135,1864,1864,undirected,1
ID0000046,ID0000056,156,135,1865,1865,undirected,1
ID0000046,ID0000056,192,180,1868,1868,undirected,1
ID0000046,ID0000056,202,180,1869,1869,undirected,1
ID0000046,ID0000057,86,87,1862,1864,undirected,1
ID0000046,ID0000057,156,87,1865,1865,undirected,1
ID0000046,ID0000057,192,87,1868,1868,undirected,1
ID0000046,ID0000057,202,87,1869,1869,undirected,1
ID0000046,ID0000058,86,88,1862,1862,undirected,1
ID0000046,ID0000063,86,118,1863,1864,undirected,1
ID0000046,ID0000063,156,118,1865,1865,undirected,1
ID0000046,ID0000063,192,118,1868,1868,undirected,1
ID0000046,ID0000063,202,118,1869,1869,undirected,1
ID0000046,ID0000064,86,119,1863,1864,undirected,1
ID0000046,ID0000064,156,119,1865,1865,undirected,1
ID0000046,ID0000064,192,119,1868,1868,undirected,1
ID0000046,ID0000064,202,119,1869,1869,undirected,1
ID0000046,ID0000065,192,165,1868,1868,undirected,1
ID0000046,ID0000070,86,133,1864,1864,undirected,1
ID0000046,ID0000072,86,137,1864,1864,undirected,1
ID0000046,ID0000072,156,137,1865,1865,undirected,1
ID0000046,ID0000073,86,138,1864,1864,undirected,1
ID0000046,ID0000073,156,138,1865,1865,undirected,1
ID0000046,ID0000073,192,138,1868,1868,undirected,1
ID0000046,ID0000073,202,138,1869,1869,undirected,1
ID0000046,ID0000075,86,141,1864,1864,undirected,1
ID0000046,ID0000075,156,159,1865,1865,undirected,1
ID0000046,ID0000082,86,155,1863,1864,undirected,1
ID0000046,ID0000082,156,155,1865,1865,undirected,1
ID0000046,ID0000082,192,155,1868,1868,undirected,1
ID0000046,ID0000082,202,155,1869,1869,undirected,1
ID0000046,ID0000101,192,190,1868,1868,undirected,1
ID0000046,ID0000101,202,190,1869,1869,undirected,1
ID0000046,ID0000102,192,191,1868,1868,undirected,1
ID0000046,ID0000102,202,191,1869,1869,undirected,1
ID0000046,ID0000133,192,272,1868,1868,undirected,1
ID0000047,ID0000048,99,100,1862,1862,undirected,1
ID0000047,ID0000048,99,124,1863,1863,undirected,1
ID0000047,ID0000048,99,140,1864,1869,undirected,1
ID0000047,ID0000048,224,140,1873,1873,undirected,1
ID0000047,ID0000048,244,140,1874,1875,undirected,1
ID0000047,ID0000056,99,180,1868,1869,undirected,1
ID0000047,ID0000057,224,87,1873,1873,undirected,1
ID0000047,ID0000057,244,87,1874,1874,undirected,1
ID0000047,ID0000062,224,97,1873,1873,undirected,1
ID0000047,ID0000062,244,97,1874,1874,undirected,1
ID0000047,ID0000062,244,98,1874,1875,undirected,1
ID0000047,ID0000063,224,118,1873,1873,undirected,1
ID0000047,ID0000063,244,118,1874,1875,undirected,1
ID0000047,ID0000064,224,119,1873,1873,undirected,1
ID0000047,ID0000064,244,119,1874,1875,undirected,1
ID0000047,ID0000071,99,134,1864,1864,undirected,1
ID0000047,ID0000073,224,138,1873,1873,undirected,1
ID0000047,ID0000073,244,247,1874,1875,undirected,1
ID0000047,ID0000091,224,174,1873,1873,undirected,1
ID0000047,ID0000091,244,174,1874,1875,undirected,1
ID0000047,ID0000092,224,175,1873,1873,undirected,1
ID0000047,ID0000092,244,175,1874,1875,undirected,1
ID0000047,ID0000095,99,181,1868,1869,undirected,1
ID0000047,ID0000095,224,234,1873,1873,undirected,1
ID0000047,ID0000095,244,234,1874,1874,undirected,1
ID0000047,ID0000096,99,182,1868,1868,undirected,1
ID0000047,ID0000096,99,199,1869,1869,undirected,1
ID0000047,ID0000112,224,216,1873,1873,undirected,1
ID0000047,ID0000112,244,216,1874,1875,undirected,1
ID0000047,ID0000113,224,217,1873,1873,undirected,1
ID0000047,ID0000113,244,217,1874,1875,undirected,1
ID0000047,ID0000114,224,219,1873,1873,undirected,1
ID0000047,ID0000114,244,219,1874,1875,undirected,1
ID0000047,ID0000115,224,221,1873,1873,undirected,1
ID0000047,ID0000115,244,221,1874,1875,undirected,1
ID0000047,ID0000116,224,223,1873,1873,undirected,1
ID0000047,ID0000116,224,240,1873,1873,undirected,1
ID0000047,ID0000116,244,240,1874,1875,undirected,1
ID0000047,ID0000117,224,225,1873,1873,undirected,1
ID0000047,ID0000117,244,225,1874,1875,undirected,1
ID0000047,ID0000118,224,227,1873,1873,undirected,1
ID0000047,ID0000118,244,227,1874,1875,undirected,1
ID0000047,ID0000118,244,255,1875,1875,undirected,1
ID0000047,ID0000120,244,230,1874,1874,undirected,1
ID0000047,ID0000121,244,231,1874,1875,undirected,1
ID0000047,ID0000129,244,245,1874,1875,undirected,1
ID0000048,ID0000049,140,120,1864,1864,undirected,1
ID0000048,ID0000053,140,113,1864,1867,undirected,1
ID0000048,ID0000062,140,96,1864,1867,undirected,1
ID0000048,ID0000062,140,97,1873,1874,undirected,1
ID0000048,ID0000062,140,98,1874,1875,undirected,1
ID0000048,ID0000062,101,258,1876,1876,undirected,1
ID0000048,ID0000062,266,258,1876,1876,undirected,1
ID0000048,ID0000065,140,122,1864,1865,undirected,1
ID0000048,ID0000065,140,165,1865,1868,undirected,1
ID0000048,ID0000068,140,128,1864,1865,undirected,1
ID0000048,ID0000073,140,247,1874,1875,undirected,1
ID0000048,ID0000074,140,139,1864,1864,undirected,1
ID0000048,ID0000075,140,159,1865,1865,undirected,1
ID0000048,ID0000078,140,146,1864,1864,undirected,1
ID0000048,ID0000083,140,161,1865,1865,undirected,1
ID0000048,ID0000084,140,162,1865,1865,undirected,1
ID0000048,ID0000085,140,163,1865,1875,undirected,1
ID0000048,ID0000087,140,166,1867,1873,undirected,1
ID0000048,ID0000088,140,167,1867,1875,undirected,1
ID0000048,ID0000089,140,168,1867,1875,undirected,1
ID0000048,ID0000089,101,169,1876,1876,undirected,1
ID0000048,ID0000089,101,170,1876,1876,undirected,1
ID0000048,ID0000089,101,259,1876,1876,undirected,1
ID0000048,ID0000089,266,169,1876,1876,undirected,1
ID0000048,ID0000089,266,170,1876,1876,undirected,1
ID0000048,ID0000089,266,259,1876,1876,undirected,1
ID0000048,ID0000099,140,187,1868,1869,undirected,1
ID0000048,ID0000100,140,188,1868,1869,undirected,1
ID0000048,ID0000106,140,200,1869,1875,undirected,1
ID0000048,ID0000106,101,267,1876,1876,undirected,1
ID0000048,ID0000106,266,267,1876,1876,undirected,1
ID0000048,ID0000107,140,201,1869,1869,undirected,1
ID0000048,ID0000107,140,229,1873,1873,undirected,1
ID0000048,ID0000107,140,248,1874,1875,undirected,1
ID0000048,ID0000107,101,264,1876,1876,undirected,1
ID0000048,ID0000107,266,264,1876,1876,undirected,1
ID0000048,ID0000109,140,208,1870,1875,undirected,1
ID0000048,ID0000110,140,209,1870,1875,undirected,1
ID0000048,ID0000111,140,210,1870,1873,undirected,1
ID0000048,ID0000127,140,241,1873,1875,undirected,1
ID0000049,ID0000051,120,105,1863,1863,undirected,1
ID0000049,ID0000051,120,127,1863,1863,undirected,1
ID0000049,ID0000051,120,143,1864,1864,undirected,1
ID0000049,ID0000053,120,113,1863,1864,undirected,1
ID0000049,ID0000054,120,114,1863,1863,undirected,1
ID0000049,ID0000062,120,96,1863,1864,undirected,1
ID0000049,ID0000065,120,122,1863,1864,undirected,1
ID0000049,ID0000066,120,123,1863,1863,undirected,1
ID0000049,ID0000068,120,128,1863,1864,undirected,1
ID0000049,ID0000074,120,139,1864,1864,undirected,1
ID0000049,ID0000078,120,146,1864,1864,undirected,1
ID0000050,ID0000051,104,105,1862,1863,undirected,1
ID0000050,ID0000051,104,127,1863,1863,undirected,1
ID0000050,ID0000051,104,143,1864,1865,undirected,1
ID0000050,ID0000067,104,125,1863,1865,undirected,1
ID0000050,ID0000069,104,129,1863,1863,undirected,1
ID0000050,ID0000086,104,164,1865,1865,undirected,1
ID0000051,ID0000053,105,113,1862,1863,undirected,1
ID0000051,ID0000053,127,113,1863,1863,undirected,1
ID0000051,ID0000053,143,113,1864,1867,undirected,1
ID0000051,ID0000054,105,114,1862,1863,undirected,1
ID0000051,ID0000054,127,114,1863,1863,undirected,1
ID0000051,ID0000062,105,96,1862,1863,undirected,1
ID0000051,ID0000062,127,96,1863,1863,undirected,1
ID0000051,ID0000062,143,96,1864,1867,undirected,1
ID0000051,ID0000065,105,122,1863,1863,undirected,1
ID0000051,ID0000065,127,122,1863,1863,undirected,1
ID0000051,ID0000065,143,122,1864,1865,undirected,1
ID0000051,ID0000065,143,165,1865,1868,undirected,1
ID0000051,ID0000066,105,123,1863,1863,undirected,1
ID0000051,ID0000066,127,123,1863,1863,undirected,1
ID0000051,ID0000067,105,125,1863,1863,undirected,1
ID0000051,ID0000067,127,125,1863,1863,undirected,1
ID0000051,ID0000067,143,125,1864,1865,undirected,1
ID0000051,ID0000068,105,128,1863,1863,undirected,1
ID0000051,ID0000068,127,128,1863,1863,undirected,1
ID0000051,ID0000068,143,128,1864,1865,undirected,1
ID0000051,ID0000069,105,129,1863,1863,undirected,1
ID0000051,ID0000069,127,129,1863,1863,undirected,1
ID0000051,ID0000086,143,164,1865,1865,undirected,1
ID0000052,ID0000055,109,115,1862,1862,undirected,1
ID0000052,ID0000055,110,115,1862,1862,undirected,1
ID0000053,ID0000054,113,114,1862,1863,undirected,1
ID0000053,ID0000059,113,93,1862,1862,undirected,1
ID0000053,ID0000059,113,126,1863,1863,undirected,1
ID0000053,ID0000060,113,94,1862,1862,undirected,1
ID0000053,ID0000061,113,95,1862,1862,undirected,1
ID0000053,ID0000062,113,96,1862,1867,undirected,1
ID0000053,ID0000065,113,122,1863,1865,undirected,1
ID0000053,ID0000065,113,165,1865,1867,undirected,1
ID0000053,ID0000066,113,123,1863,1863,undirected,1
ID0000053,ID0000068,113,128,1863,1865,undirected,1
ID0000053,ID0000074,113,139,1864,1864,undirected,1
ID0000053,ID0000075,113,159,1865,1865,undirected,1
ID0000053,ID0000078,113,146,1864,1864,undirected,1
ID0000053,ID0000083,113,161,1865,1865,undirected,1
ID0000053,ID0000084,113,162,1865,1865,undirected,1
ID0000053,ID0000085,113,163,1865,1867,undirected,1
ID0000053,ID0000087,113,166,1867,1867,undirected,1
ID0000053,ID0000088,113,167,1867,1867,undirected,1
ID0000053,ID0000089,113,168,1867,1867,undirected,1
ID0000054,ID0000059,114,93,1862,1862,undirected,1
ID0000054,ID0000059,114,126,1863,1863,undirected,1
ID0000054,ID0000060,114,94,1862,1862,undirected,1
ID0000054,ID0000061,114,95,1862,1862,undirected,1
ID0000054,ID0000062,114,96,1862,1863,undirected,1
ID0000054,ID0000065,114,122,1863,1863,undirected,1
ID0000054,ID0000066,114,123,1863,1863,undirected,1
ID0000054,ID0000068,114,128,1863,1863,undirected,1
ID0000055,ID0000059,115,126,1863,1863,undirected,1
ID0000055,ID0000065,115,122,1863,1865,undirected,1
ID0000055,ID0000065,115,165,1865,1865,undirected,1
ID0000055,ID0000076,115,144,1864,1865,undirected,1
ID0000055,ID0000077,115,145,1864,1865,undirected,1
ID0000056,ID0000057,117,87,1863,1863,undirected,1
ID0000056,ID0000057,135,87,1864,1865,undirected,1
ID0000056,ID0000057,136,87,1866,1867,undirected,1
ID0000056,ID0000057,180,87,1868,1869,undirected,1
ID0000056,ID0000063,117,118,1863,1863,undirected,1
ID0000056,ID0000063,135,118,1864,1865,undirected,1
ID0000056,ID0000063,136,118,1866,1867,undirected,1
ID0000056,ID0000063,180,118,1868,1869,undirected,1
ID0000056,ID0000064,117,119,1863,1863,undirected,1
ID0000056,ID0000064,135,119,1864,1865,undirected,1
ID0000056,ID0000064,136,119,1866,1867,undirected,1
ID0000056,ID0000064,180,119,1868,1869,undirected,1
ID0000056,ID0000073,136,138,1866,1867,undirected,1
ID0000056,ID0000073,180,138,1868,1869,undirected,1
ID0000056,ID0000079,136,149,1866,1866,undirected,1
ID0000056,ID0000080,136,151,1866,1866,undirected,1
ID0000056,ID0000080,180,152,1868,1869,undirected,1
ID0000056,ID0000081,136,154,1866,1866,undirected,1
ID0000056,ID0000082,117,155,1863,1863,undirected,1
ID0000056,ID0000082,135,155,1864,1865,undirected,1
ID0000056,ID0000082,136,155,1866,1867,undirected,1
ID0000056,ID0000082,180,155,1868,1869,undirected,1
ID0000056,ID0000090,136,173,1866,1867,undirected,1
ID0000056,ID0000090,180,173,1868,1869,undirected,1
ID0000056,ID0000095,180,181,1868,1869,undirected,1
ID0000056,ID0000096,180,182,1868,1868,undirected,1
ID0000056,ID0000096,180,199,1869,1869,undirected,1
ID0000057,ID0000058,87,88,1862,1862,undirected,1
ID0000057,ID0000062,87,97,1873,1874,undirected,1
ID0000057,ID0000062,87,98,1874,1874,undirected,1
ID0000057,ID0000063,87,118,1863,1874,undirected,1
ID0000057,ID0000064,87,119,1863,1874,undirected,1
ID0000057,ID0000070,87,133,1864,1864,undirected,1
ID0000057,ID0000072,87,137,1864,1865,undirected,1
ID0000057,ID0000073,87,138,1864,1873,undirected,1
ID0000057,ID0000073,87,247,1874,1874,undirected,1
ID0000057,ID0000075,87,141,1864,1864,undirected,1
ID0000057,ID0000075,87,159,1865,1865,undirected,1
ID0000057,ID0000079,87,149,1865,1866,undirected,1
ID0000057,ID0000080,87,151,1866,1866,undirected,1
ID0000057,ID0000080,87,152,1868,1869,undirected,1
ID0000057,ID0000081,87,154,1866,1866,undirected,1
ID0000057,ID0000082,87,155,1863,1869,undirected,1
ID0000057,ID0000090,87,173,1866,1870,undirected,1
ID0000057,ID0000091,87,174,1868,1874,undirected,1
ID0000057,ID0000092,87,175,1868,1874,undirected,1
ID0000057,ID0000093,87,178,1868,1868,undirected,1
ID0000057,ID0000093,87,235,1873,1873,undirected,1
ID0000057,ID0000094,87,179,1868,1868,undirected,1
ID0000057,ID0000103,87,194,1868,1871,undirected,1
ID0000057,ID0000104,87,195,1869,1869,undirected,1
ID0000057,ID0000105,87,197,1869,1871,undirected,1
ID0000057,ID0000112,87,216,1873,1874,undirected,1
ID0000057,ID0000113,87,217,1873,1874,undirected,1
ID0000057,ID0000114,87,219,1870,1874,undirected,1
ID0000057,ID0000115,87,221,1870,1874,undirected,1
ID0000057,ID0000116,87,223,1873,1873,undirected,1
ID0000057,ID0000116,87,240,1873,1874,undirected,1
ID0000057,ID0000117,87,225,1872,1874,undirected,1
ID0000057,ID0000118,87,227,1873,1874,undirected,1
ID0000059,ID0000060,93,94,1862,1862,undirected,1
ID0000059,ID0000061,93,95,1862,1862,undirected,1
ID0000059,ID0000062,93,96,1862,1862,undirected,1
ID0000059,ID0000062,126,96,1863,1863,undirected,1
ID0000060,ID0000061,94,95,1862,1862,undirected,1
ID0000060,ID0000062,94,96,1862,1862,undirected,1
ID0000061,ID0000062,95,96,1862,1862,undirected,1
ID0000062,ID0000063,97,118,1873,1874,undirected,1
ID0000062,ID0000063,98,118,1874,1875,undirected,1
ID0000062,ID0000064,97,119,1873,1874,undirected,1
ID0000062,ID0000064,98,119,1874,1875,undirected,1
ID0000062,ID0000065,96,122,1863,1865,undirected,1
ID0000062,ID0000065,96,165,1865,1867,undirected,1
ID0000062,ID0000066,96,123,1863,1863,undirected,1
ID0000062,ID0000068,96,128,1863,1865,undirected,1
ID0000062,ID0000073,97,138,1873,1873,undirected,1
ID0000062,ID0000073,97,247,1874,1874,undirected,1
ID0000062,ID0000073,98,247,1874,1875,undirected,1
ID0000062,ID0000074,96,139,1864,1864,undirected,1
ID0000062,ID0000075,96,159,1865,1865,undirected,1
ID0000062,ID0000078,96,146,1864,1864,undirected,1
ID0000062,ID0000083,96,161,1865,1865,undirected,1
ID0000062,ID0000084,96,162,1865,1865,undirected,1
ID0000062,ID0000085,96,163,1865,1867,undirected,1
ID0000062,ID0000085,97,163,1873,1874,undirected,1
ID0000062,ID0000085,98,163,1874,1875,undirected,1
ID0000062,ID0000087,96,166,1867,1867,undirected,1
ID0000062,ID0000087,97,166,1873,1873,undirected,1
ID0000062,ID0000088,96,167,1867,1867,undirected,1
ID0000062,ID0000088,97,167,1873,1874,undirected,1
ID0000062,ID0000088,98,167,1874,1875,undirected,1
ID0000062,ID0000089,96,168,1867,1867,undirected,1
ID0000062,ID0000089,97,168,1873,1874,undirected,1
ID0000062,ID0000089,98,168,1874,1875,undirected,1
ID0000062,ID0000089,258,169,1876,1876,undirected,1
ID0000062,ID0000089,258,170,1876,1876,undirected,1
ID0000062,ID0000089,258,259,1876,1876,undirected,1
ID0000062,ID0000091,97,174,1873,1874,undirected,1
ID0000062,ID0000091,98,174,1874,1875,undirected,1
ID0000062,ID0000092,97,175,1873,1874,undirected,1
ID0000062,ID0000092,98,175,1874,1875,undirected,1
ID0000062,ID0000092,258,176,1876,1876,undirected,1
ID0000062,ID0000108,98,204,1875,1875,undirected,1
ID0000062,ID0000112,97,216,1873,1874,undirected,1
ID0000062,ID0000112,98,216,1874,1875,undirected,1
ID0000062,ID0000113,97,217,1873,1874,undirected,1
ID0000062,ID0000113,98,217,1874,1875,undirected,1
ID0000062,ID0000114,97,219,1873,1874,undirected,1
ID0000062,ID0000114,98,219,1874,1875,undirected,1
ID0000062,ID0000114,258,220,1876,1876,undirected,1
ID0000062,ID0000115,97,221,1873,1874,undirected,1
ID0000062,ID0000115,98,221,1874,1875,undirected,1
ID0000062,ID0000115,258,222,1876,1876,undirected,1
ID0000062,ID0000116,97,223,1873,1873,undirected,1
ID0000062,ID0000116,97,240,1873,1874,undirected,1
ID0000062,ID0000116,98,240,1874,1875,undirected,1
ID0000062,ID0000116,258,263,1876,1876,undirected,1
ID0000062,ID0000117,97,225,1873,1874,undirected,1
ID0000062,ID0000117,98,225,1874,1875,undirected,1
ID0000062,ID0000118,97,227,1873,1874,undirected,1
ID0000062,ID0000118,98,227,1874,1875,undirected,1
ID0000062,ID0000118,98,255,1875,1875,undirected,1
ID0000062,ID0000131,98,251,1875,1875,undirected,1
ID0000062,ID0000131,258,262,1876,1876,undirected,1
ID0000063,ID0000064,118,119,1863,1875,undirected,1
ID0000063,ID0000070,118,133,1864,1864,undirected,1
ID0000063,ID0000072,118,137,1864,1865,undirected,1
ID0000063,ID0000073,118,138,1864,1873,undirected,1
ID0000063,ID0000073,118,247,1874,1875,undirected,1
ID0000063,ID0000075,118,141,1864,1864,undirected,1
ID0000063,ID0000075,118,159,1865,1865,undirected,1
ID0000063,ID0000079,118,149,1865,1866,undirected,1
ID0000063,ID0000080,118,151,1866,1866,undirected,1
ID0000063,ID0000080,118,152,1868,1869,undirected,1
ID0000063,ID0000081,118,154,1866,1866,undirected,1
ID0000063,ID0000082,118,155,1863,1869,undirected,1
ID0000063,ID0000090,118,173,1866,1870,undirected,1
ID0000063,ID0000091,118,174,1868,1875,undirected,1
ID0000063,ID0000092,118,175,1868,1875,undirected,1
ID0000063,ID0000093,118,178,1868,1868,undirected,1
ID0000063,ID0000093,118,235,1873,1873,undirected,1
ID0000063,ID0000094,118,179,1868,1868,undirected,1
ID0000063,ID0000103,118,194,1868,1871,undirected,1
ID0000063,ID0000104,118,195,1869,1869,undirected,1
ID0000063,ID0000105,118,197,1869,1871,undirected,1
ID0000063,ID0000108,118,204,1875,1875,undirected,1
ID0000063,ID0000112,118,216,1873,1875,undirected,1
ID0000063,ID0000113,118,217,1873,1875,undirected,1
ID0000063,ID0000114,118,219,1870,1875,undirected,1
ID0000063,ID0000115,118,221,1870,1875,undirected,1
ID0000063,ID0000116,118,223,1873,1873,undirected,1
ID0000063,ID0000116,118,240,1873,1875,undirected,1
ID0000063,ID0000117,118,225,1872,1875,undirected,1
ID0000063,ID0000118,118,227,1873,1875,undirected,1
ID0000063,ID0000118,118,255,1875,1875,undirected,1
ID0000063,ID0000131,118,251,1875,1875,undirected,1
ID0000064,ID0000070,119,133,1864,1864,undirected,1
ID0000064,ID0000072,119,137,1864,1865,undirected,1
ID0000064,ID0000073,119,138,1864,1873,undirected,1
ID0000064,ID0000073,119,247,1874,1875,undirected,1
ID0000064,ID0000075,119,141,1864,1864,undirected,1
ID0000064,ID0000075,119,159,1865,1865,undirected,1
ID0000064,ID0000079,119,149,1865,1866,undirected,1
ID0000064,ID0000080,119,151,1866,1866,undirected,1
ID0000064,ID0000080,119,152,1868,1869,undirected,1
ID0000064,ID0000081,119,154,1866,1866,undirected,1
ID0000064,ID0000082,119,155,1863,1869,undirected,1
ID0000064,ID0000090,119,173,1866,1870,undirected,1
ID0000064,ID0000091,119,174,1868,1875,undirected,1
ID0000064,ID0000092,119,175,1868,1875,undirected,1
ID0000064,ID0000093,119,178,1868,1868,undirected,1
ID0000064,ID0000093,119,235,1873,1873,undirected,1
ID0000064,ID0000094,119,179,1868,1868,undirected,1
ID0000064,ID0000103,119,194,1868,1871,undirected,1
ID0000064,ID0000104,119,195,1869,1869,undirected,1
ID0000064,ID0000105,119,197,1869,1871,undirected,1
ID0000064,ID0000108,119,204,1875,1875,undirected,1
ID0000064,ID0000112,119,216,1873,1875,undirected,1
ID0000064,ID0000113,119,217,1873,1875,undirected,1
ID0000064,ID0000114,119,219,1870,1875,undirected,1
ID0000064,ID0000115,119,221,1870,1875,undirected,1
ID0000064,ID0000116,119,223,1873,1873,undirected,1
ID0000064,ID0000116,119,240,1873,1875,undirected,1
ID0000064,ID0000117,119,225,1872,1875,undirected,1
ID0000064,ID0000118,119,227,1873,1875,undirected,1
ID0000064,ID0000118,119,255,1875,1875,undirected,1
ID0000064,ID0000131,119,251,1875,1875,undirected,1
ID0000065,ID0000066,122,123,1863,1863,undirected,1
ID0000065,ID0000068,122,128,1863,1865,undirected,1
ID0000065,ID0000068,165,128,1865,1865,undirected,1
ID0000065,ID0000074,122,139,1864,1864,undirected,1
ID0000065,ID0000075,122,159,1865,1865,undirected,1
ID0000065,ID0000075,165,159,1865,1865,undirected,1
ID0000065,ID0000076,122,144,1864,1865,undirected,1
ID0000065,ID0000076,165,144,1865,1865,undirected,1
ID0000065,ID0000077,122,145,1864,1865,undirected,1
ID0000065,ID0000077,165,145,1865,1865,undirected,1
ID0000065,ID0000078,122,146,1864,1864,undirected,1
ID0000065,ID0000083,122,161,1865,1865,undirected,1
ID0000065,ID0000083,165,161,1865,1865,undirected,1
ID0000065,ID0000084,122,162,1865,1865,undirected,1
ID0000065,ID0000084,165,162,1865,1865,undirected,1
ID0000065,ID0000085,122,163,1865,1865,undirected,1
ID0000065,ID0000085,165,163,1865,1868,undirected,1
ID0000065,ID0000101,165,190,1868,1868,undirected,1
ID0000065,ID0000102,165,191,1868,1868,undirected,1
ID0000065,ID0000133,165,272,1868,1868,undirected,1
ID0000066,ID0000068,123,128,1863,1863,undirected,1
ID0000067,ID0000069,125,129,1863,1863,undirected,1
ID0000067,ID0000086,125,164,1865,1865,undirected,1
ID0000068,ID0000074,128,139,1864,1864,undirected,1
ID0000068,ID0000075,128,159,1865,1865,undirected,1
ID0000068,ID0000078,128,146,1864,1864,undirected,1
ID0000068,ID0000083,128,161,1865,1865,undirected,1
ID0000068,ID0000084,128,162,1865,1865,undirected,1
ID0000068,ID0000085,128,163,1865,1865,undirected,1
ID0000070,ID0000072,133,137,1864,1864,undirected,1
ID0000070,ID0000073,133,138,1864,1864,undirected,1
ID0000070,ID0000075,133,141,1864,1864,undirected,1
ID0000070,ID0000082,133,155,1864,1864,undirected,1
ID0000072,ID0000073,137,138,1864,1865,undirected,1
ID0000072,ID0000075,137,141,1864,1864,undirected,1
ID0000072,ID0000075,137,159,1865,1865,undirected,1
ID0000072,ID0000079,137,149,1865,1865,undirected,1
ID0000072,ID0000082,137,155,1864,1865,undirected,1
ID0000073,ID0000075,138,141,1864,1864,undirected,1
ID0000073,ID0000075,138,159,1865,1865,undirected,1
ID0000073,ID0000079,138,149,1865,1866,undirected,1
ID0000073,ID0000080,138,151,1866,1866,undirected,1
ID0000073,ID0000080,138,152,1868,1869,undirected,1
ID0000073,ID0000081,138,154,1866,1866,undirected,1
ID0000073,ID0000082,138,155,1864,1869,undirected,1
ID0000073,ID0000085,247,163,1874,1875,undirected,1
ID0000073,ID0000088,247,167,1874,1875,undirected,1
ID0000073,ID0000089,247,168,1874,1875,undirected,1
ID0000073,ID0000090,138,173,1866,1870,undirected,1
ID0000073,ID0000091,138,174,1868,1873,undirected,1
ID0000073,ID0000091,247,174,1874,1875,undirected,1
ID0000073,ID0000092,138,175,1868,1873,undirected,1
ID0000073,ID0000092,247,175,1874,1875,undirected,1
ID0000073,ID0000093,138,178,1868,1868,undirected,1
ID0000073,ID0000093,138,235,1873,1873,undirected,1
ID0000073,ID0000094,138,179,1868,1868,undirected,1
ID0000073,ID0000103,138,194,1868,1871,undirected,1
ID0000073,ID0000104,138,195,1869,1869,undirected,1
ID0000073,ID0000105,138,197,1869,1871,undirected,1
ID0000073,ID0000106,247,200,1874,1875,undirected,1
ID0000073,ID0000109,247,208,1874,1875,undirected,1
ID0000073,ID0000110,247,209,1874,1875,undirected,1
ID0000073,ID0000112,138,216,1873,1873,undirected,1
ID0000073,ID0000112,247,216,1874,1875,undirected,1
ID0000073,ID0000113,138,217,1873,1873,undirected,1
ID0000073,ID0000113,247,217,1874,1875,undirected,1
ID0000073,ID0000114,138,219,1870,1873,undirected,1
ID0000073,ID0000114,247,219,1874,1875,undirected,1
ID0000073,ID0000115,138,221,1870,1873,undirected,1
ID0000073,ID0000115,247,221,1874,1875,undirected,1
ID0000073,ID0000116,138,223,1873,1873,undirected,1
ID0000073,ID0000116,138,240,1873,1873,undirected,1
ID0000073,ID0000116,247,240,1874,1875,undirected,1
ID0000073,ID0000117,138,225,1872,1873,undirected,1
ID0000073,ID0000117,247,225,1874,1875,undirected,1
ID0000073,ID0000118,138,227,1873,1873,undirected,1
ID0000073,ID0000118,247,227,1874,1875,undirected,1
ID0000073,ID0000118,247,255,1875,1875,undirected,1
ID0000073,ID0000127,247,241,1874,1875,undirected,1
ID0000074,ID0000078,139,146,1864,1864,undirected,1
ID0000075,ID0000082,141,155,1864,1864,undirected,1
ID0000075,ID0000082,159,155,1865,1865,undirected,1
ID0000075,ID0000083,159,161,1865,1865,undirected,1
ID0000075,ID0000084,159,162,1865,1865,undirected,1
ID0000075,ID0000085,159,163,1865,1865,undirected,1
ID0000076,ID0000077,144,145,1864,1865,undirected,1
ID0000079,ID0000080,149,151,1866,1866,undirected,1
ID0000079,ID0000081,149,154,1866,1866,undirected,1
ID0000079,ID0000082,149,155,1865,1866,undirected,1
ID0000079,ID0000090,149,173,1866,1866,undirected,1
ID0000080,ID0000081,150,153,1864,1865,undirected,1
ID0000080,ID0000081,151,154,1866,1866,undirected,1
ID0000080,ID0000082,151,155,1866,1866,undirected,1
ID0000080,ID0000082,152,155,1868,1869,undirected,1
ID0000080,ID0000090,151,173,1866,1866,undirected,1
ID0000080,ID0000090,152,173,1868,1869,undirected,1
ID0000081,ID0000082,154,155,1866,1866,undirected,1
ID0000081,ID0000090,154,173,1866,1866,undirected,1
ID0000082,ID0000090,155,173,1866,1869,undirected,1
ID0000082,ID0000091,155,174,1868,1869,undirected,1
ID0000082,ID0000092,155,175,1868,1869,undirected,1
ID0000082,ID0000093,155,178,1868,1868,undirected,1
ID0000082,ID0000094,155,179,1868,1868,undirected,1
ID0000082,ID0000103,155,194,1868,1869,undirected,1
ID0000082,ID0000104,155,195,1869,1869,undirected,1
ID0000082,ID0000105,155,197,1869,1869,undirected,1
ID0000083,ID0000084,161,162,1865,1865,undirected,1
ID0000083,ID0000085,161,163,1865,1865,undirected,1
ID0000084,ID0000085,162,163,1865,1865,undirected,1
ID0000085,ID0000087,163,166,1867,1873,undirected,1
ID0000085,ID0000088,163,167,1867,1875,undirected,1
ID0000085,ID0000089,163,168,1867,1875,undirected,1
ID0000085,ID0000099,163,187,1868,1869,undirected,1
ID0000085,ID0000100,163,188,1868,1869,undirected,1
ID0000085,ID0000106,163,200,1869,1875,undirected,1
ID0000085,ID0000107,163,201,1869,1869,undirected,1
ID0000085,ID0000107,163,229,1873,1873,undirected,1
ID0000085,ID0000107,163,248,1874,1875,undirected,1
ID0000085,ID0000109,163,208,1870,1875,undirected,1
ID0000085,ID0000110,163,209,1870,1875,undirected,1
ID0000085,ID0000111,163,210,1870,1873,undirected,1
ID0000085,ID0000127,163,241,1873,1875,undirected,1
ID0000087,ID0000088,166,167,1867,1873,undirected,1
ID0000087,ID0000089,166,168,1867,1873,undirected,1
ID0000087,ID0000099,166,187,1868,1869,undirected,1
ID0000087,ID0000100,166,188,1868,1869,undirected,1
ID0000087,ID0000106,166,200,1869,1873,undirected,1
ID0000087,ID0000107,166,201,1869,1869,undirected,1
ID0000087,ID0000107,166,229,1873,1873,undirected,1
ID0000087,ID0000109,166,208,1870,1873,undirected,1
ID0000087,ID0000110,166,209,1870,1873,undirected,1
ID0000087,ID0000111,166,210,1870,1873,undirected,1
ID0000087,ID0000127,166,241,1873,1873,undirected,1
ID0000088,ID0000089,167,168,1867,1875,undirected,1
ID0000088,ID0000099,167,187,1868,1869,undirected,1
ID0000088,ID0000100,167,188,1868,1869,undirected,1
ID0000088,ID0000106,167,200,1869,1875,undirected,1
ID0000088,ID0000107,167,201,1869,1869,undirected,1
ID0000088,ID0000107,167,229,1873,1873,undirected,1
ID0000088,ID0000107,167,248,1874,1875,undirected,1
ID0000088,ID0000109,167,208,1870,1875,undirected,1
ID0000088,ID0000110,167,209,1870,1875,undirected,1
ID0000088,ID0000111,167,210,1870,1873,undirected,1
ID0000088,ID0000127,167,241,1873,1875,undirected,1
ID0000089,ID0000099,168,187,1868,1869,undirected,1
ID0000089,ID0000100,168,188,1868,1869,undirected,1
ID0000089,ID0000106,168,200,1869,1875,undirected,1
ID0000089,ID0000106,169,267,1876,1876,undirected,1
ID0000089,ID0000106,170,267,1876,1876,undirected,1
ID0000089,ID0000106,259,267,1876,1876,undirected,1
ID0000089,ID0000107,168,201,1869,1869,undirected,1
ID0000089,ID0000107,168,229,1873,1873,undirected,1
ID0000089,ID0000107,168,248,1874,1875,undirected,1
ID0000089,ID0000107,169,264,1876,1876,undirected,1
ID0000089,ID0000107,170,264,1876,1876,undirected,1
ID0000089,ID0000107,259,264,1876,1876,undirected,1
ID0000089,ID0000109,168,208,1870,1875,undirected,1
ID0000089,ID0000110,168,209,1870,1875,undirected,1
ID0000089,ID0000111,168,210,1870,1873,undirected,1
ID0000089,ID0000127,168,241,1873,1875,undirected,1
ID0000090,ID0000091,173,174,1868,1870,undirected,1
ID0000090,ID0000092,173,175,1868,1870,undirected,1
ID0000090,ID0000093,173,178,1868,1868,undirected,1
ID0000090,ID0000094,173,179,1868,1868,undirected,1
ID0000090,ID0000103,173,194,1868,1870,undirected,1
ID0000090,ID0000104,173,195,1869,1869,undirected,1
ID0000090,ID0000105,173,197,1869,1870,undirected,1
ID0000090,ID0000114,173,219,1870,1870,undirected,1
ID0000090,ID0000115,173,221,1870,1870,undirected,1
ID0000091,ID0000092,174,175,1868,1875,undirected,1
ID0000091,ID0000093,174,178,1868,1868,undirected,1
ID0000091,ID0000093,174,235,1873,1873,undirected,1
ID0000091,ID0000094,174,179,1868,1868,undirected,1
ID0000091,ID0000103,174,194,1868,1871,undirected,1
ID0000091,ID0000104,174,195,1869,1869,undirected,1
ID0000091,ID0000105,174,197,1869,1871,undirected,1
ID0000091,ID0000108,174,204,1875,1875,undirected,1
ID0000091,ID0000112,174,216,1873,1875,undirected,1
ID0000091,ID0000113,174,217,1873,1875,undirected,1
ID0000091,ID0000114,174,219,1870,1875,undirected,1
ID0000091,ID0000115,174,221,1870,1875,undirected,1
ID0000091,ID0000116,174,223,1873,1873,undirected,1
ID0000091,ID0000116,174,240,1873,1875,undirected,1
ID0000091,ID0000117,174,225,1872,1875,undirected,1
ID0000091,ID0000118,174,227,1873,1875,undirected,1
ID0000091,ID0000118,174,255,1875,1875,undirected,1
ID0000091,ID0000131,174,251,1875,1875,undirected,1
ID0000092,ID0000093,175,178,1868,1868,undirected,1
ID0000092,ID0000093,175,235,1873,1873,undirected,1
ID0000092,ID0000094,175,179,1868,1868,undirected,1
ID0000092,ID0000103,175,194,1868,1871,undirected,1
ID0000092,ID0000104,175,195,1869,1869,undirected,1
ID0000092,ID0000105,175,197,1869,1871,undirected,1
ID0000092,ID0000108,175,204,1875,1875,undirected,1
ID0000092,ID0000112,175,216,1873,1875,undirected,1
ID0000092,ID0000113,175,217,1873,1875,undirected,1
ID0000092,ID0000114,175,219,1870,1875,undirected,1
ID0000092,ID0000114,176,220,1876,1876,undirected,1
ID0000092,ID0000115,175,221,1870,1875,undirected,1
ID0000092,ID0000115,176,222,1876,1876,undirected,1
ID0000092,ID0000116,175,223,1873,1873,undirected,1
ID0000092,ID0000116,175,240,1873,1875,undirected,1
ID0000092,ID0000116,176,263,1876,1876,undirected,1
ID0000092,ID0000117,175,225,1872,1875,undirected,1
ID0000092,ID0000118,175,227,1873,1875,undirected,1
ID0000092,ID0000118,175,255,1875,1875,undirected,1
ID0000092,ID0000131,175,251,1875,1875,undirected,1
ID0000092,ID0000131,176,262,1876,1876,undirected,1
ID0000093,ID0000094,178,179,1868,1868,undirected,1
ID0000093,ID0000101,235,190,1873,1873,undirected,1
ID0000093,ID0000102,235,191,1873,1873,undirected,1
ID0000093,ID0000103,178,194,1868,1868,undirected,1
ID0000093,ID0000124,235,236,1873,1873,undirected,1
ID0000093,ID0000128,235,242,1873,1873,undirected,1
ID0000094,ID0000103,179,194,1868,1868,undirected,1
ID0000095,ID0000096,181,182,1868,1868,undirected,1
ID0000095,ID0000096,181,199,1869,1869,undirected,1
ID0000097,ID0000098,185,186,1868,1869,undirected,1
ID0000098,ID0000108,186,203,1870,1873,undirected,1
ID0000098,ID0000108,252,203,1874,1874,undirected,1
ID0000098,ID0000108,252,204,1875,1875,undirected,1
ID0000098,ID0000118,252,227,1874,1875,undirected,1
ID0000098,ID0000118,252,255,1875,1875,undirected,1
ID0000098,ID0000123,186,233,1873,1873,undirected,1
ID0000098,ID0000123,252,233,1874,1875,undirected,1
ID0000099,ID0000100,187,188,1868,1869,undirected,1
ID0000099,ID0000106,187,200,1869,1869,undirected,1
ID0000099,ID0000107,187,201,1869,1869,undirected,1
ID0000100,ID0000106,188,200,1869,1869,undirected,1
ID0000100,ID0000107,188,201,1869,1869,undirected,1
ID0000101,ID0000102,190,191,1868,1875,undirected,1
ID0000101,ID0000102,269,268,1876,1876,undirected,1
ID0000101,ID0000107,190,248,1874,1875,undirected,1
ID0000101,ID0000107,269,264,1876,1876,undirected,1
ID0000101,ID0000124,190,236,1873,1873,undirected,1
ID0000101,ID0000124,190,249,1874,1875,undirected,1
ID0000101,ID0000124,269,270,1876,1876,undirected,1
ID0000101,ID0000128,190,242,1873,1875,undirected,1
ID0000101,ID0000133,190,272,1868,1868,undirected,1
ID0000102,ID0000107,191,248,1874,1875,undirected,1
ID0000102,ID0000107,268,264,1876,1876,undirected,1
ID0000102,ID0000124,191,236,1873,1873,undirected,1
ID0000102,ID0000124,191,249,1874,1875,undirected,1
ID0000102,ID0000124,268,270,1876,1876,undirected,1
ID0000102,ID0000128,191,242,1873,1875,undirected,1
ID0000102,ID0000133,191,272,1868,1868,undirected,1
ID0000103,ID0000104,194,195,1869,1869,undirected,1
ID0000103,ID0000105,194,197,1869,1871,undirected,1
ID0000103,ID0000114,194,219,1870,1871,undirected,1
ID0000103,ID0000115,194,221,1870,1871,undirected,1
ID0000104,ID0000105,195,197,1869,1869,undirected,1
ID0000105,ID0000114,197,219,1870,1871,undirected,1
ID0000105,ID0000115,197,221,1870,1871,undirected,1
ID0000106,ID0000107,200,201,1869,1869,undirected,1
ID0000106,ID0000107,200,229,1873,1873,undirected,1
ID0000106,ID0000107,200,248,1874,1875,undirected,1
ID0000106,ID0000107,267,264,1876,1876,undirected,1
ID0000106,ID0000109,200,208,1870,1875,undirected,1
ID0000106,ID0000110,200,209,1870,1875,undirected,1
ID0000106,ID0000111,200,210,1870,1873,undirected,1
ID0000106,ID0000127,200,241,1873,1875,undirected,1
ID0000107,ID0000116,229,223,1873,1873,undirected,1
ID0000107,ID0000116,229,240,1873,1873,undirected,1
ID0000107,ID0000116,248,240,1874,1875,undirected,1
ID0000107,ID0000116,264,263,1876,1876,undirected,1
ID0000107,ID0000119,229,228,1873,1873,undirected,1
ID0000107,ID0000120,229,230,1873,1873,undirected,1
ID0000107,ID0000120,248,230,1874,1874,undirected,1
ID0000107,ID0000121,229,231,1873,1873,undirected,1
ID0000107,ID0000121,248,231,1874,1875,undirected,1
ID0000107,ID0000128,248,242,1874,1875,undirected,1
ID0000108,ID0000112,204,216,1875,1875,undirected,1
ID0000108,ID0000113,204,217,1875,1875,undirected,1
ID0000108,ID0000114,204,219,1875,1875,undirected,1
ID0000108,ID0000114,205,220,1879,1879,undirected,1
ID0000108,ID0000114,206,220,1880,1881,undirected,1
ID0000108,ID0000114,207,220,1882,1884,undirected,1
ID0000108,ID0000115,204,221,1875,1875,undirected,1
ID0000108,ID0000117,204,225,1875,1875,undirected,1
ID0000108,ID0000118,204,227,1875,1875,undirected,1
ID0000108,ID0000118,204,255,1875,1875,undirected,1
ID0000108,ID0000123,203,233,1873,1874,undirected,1
ID0000108,ID0000123,204,233,1875,1875,undirected,1
ID0000108,ID0000131,204,251,1875,1875,undirected,1
ID0000109,ID0000110,208,209,1870,1875,undirected,1
ID0000109,ID0000111,208,210,1870,1873,undirected,1
ID0000109,ID0000127,208,241,1873,1875,undirected,1
ID0000110,ID0000111,209,210,1870,1873,undirected,1
ID0000110,ID0000127,209,241,1873,1875,undirected,1
ID0000111,ID0000127,210,241,1873,1873,undirected,1
ID0000112,ID0000113,216,217,1873,1875,undirected,1
ID0000112,ID0000114,216,219,1873,1875,undirected,1
ID0000112,ID0000115,216,221,1873,1875,undirected,1
ID0000112,ID0000116,216,223,1873,1873,undirected,1
ID0000112,ID0000116,216,240,1873,1875,undirected,1
ID0000112,ID0000117,216,225,1873,1875,undirected,1
ID0000112,ID0000118,216,227,1873,1875,undirected,1
ID0000112,ID0000118,216,255,1875,1875,undirected,1
ID0000112,ID0000131,216,251,1875,1875,undirected,1
ID0000113,ID0000114,217,219,1873,1875,undirected,1
ID0000113,ID0000115,217,221,1873,1875,undirected,1
ID0000113,ID0000116,217,223,1873,1873,undirected,1
ID0000113,ID0000116,217,240,1873,1875,undirected,1
ID0000113,ID0000117,217,225,1873,1875,undirected,1
ID0000113,ID0000118,217,227,1873,1875,undirected,1
ID0000113,ID0000118,217,255,1875,1875,undirected,1
ID0000113,ID0000131,217,251,1875,1875,undirected,1
ID0000114,ID0000115,219,221,1870,1875,undirected,1
ID0000114,ID0000115,220,222,1876,1876,undirected,1
ID0000114,ID0000116,219,223,1873,1873,undirected,1
ID0000114,ID0000116,219,240,1873,1875,undirected,1
ID0000114,ID0000116,220,263,1876,1876,undirected,1
ID0000114,ID0000117,219,225,1872,1875,undirected,1
ID0000114,ID0000118,219,227,1873,1875,undirected,1
ID0000114,ID0000118,219,255,1875,1875,undirected,1
ID0000114,ID0000131,219,251,1875,1875,undirected,1
ID0000114,ID0000131,220,262,1876,1876,undirected,1
ID0000115,ID0000116,221,223,1873,1873,undirected,1
ID0000115,ID0000116,221,240,1873,1875,undirected,1
ID0000115,ID0000116,222,263,1876,1876,undirected,1
ID0000115,ID0000117,221,225,1872,1875,undirected,1
ID0000115,ID0000118,221,227,1873,1875,undirected,1
ID0000115,ID0000118,221,255,1875,1875,undirected,1
ID0000115,ID0000131,221,251,1875,1875,undirected,1
ID0000115,ID0000131,222,262,1876,1876,undirected,1
ID0000116,ID0000117,223,225,1873,1873,undirected,1
ID0000116,ID0000117,240,225,1873,1875,undirected,1
ID0000116,ID0000118,223,227,1873,1873,undirected,1
ID0000116,ID0000118,240,227,1873,1875,undirected,1
ID0000116,ID0000118,240,255,1875,1875,undirected,1
ID0000116,ID0000119,223,228,1873,1873,undirected,1
ID0000116,ID0000119,240,228,1873,1873,undirected,1
ID0000116,ID0000120,223,230,1873,1873,undirected,1
ID0000116,ID0000120,240,230,1873,1874,undirected,1
ID0000116,ID0000121,223,231,1873,1873,undirected,1
ID0000116,ID0000121,240,231,1873,1875,undirected,1
ID0000116,ID0000129,240,245,1874,1875,undirected,1
ID0000117,ID0000118,225,227,1873,1875,undirected,1
ID0000117,ID0000118,225,255,1875,1875,undirected,1
ID0000117,ID0000131,225,251,1875,1875,undirected,1
ID0000118,ID0000123,227,233,1873,1875,undirected,1
ID0000118,ID0000123,255,233,1875,1875,undirected,1
ID0000118,ID0000131,227,251,1875,1875,undirected,1
ID0000118,ID0000131,255,251,1875,1875,undirected,1
ID0000119,ID0000120,228,230,1873,1873,undirected,1
ID0000119,ID0000121,228,231,1873,1873,undirected,1
ID0000120,ID0000121,230,231,1873,1874,undirected,1
ID0000120,ID0000129,230,245,1874,1874,undirected,1
ID0000121,ID0000129,231,245,1874,1875,undirected,1
ID0000124,ID0000126,249,239,1874,1875,undirected,1
ID0000124,ID0000126,270,271,1876,1876,undirected,1
ID0000124,ID0000128,236,242,1873,1873,undirected,1
ID0000124,ID0000128,249,242,1874,1875,undirected,1
ID0000124,ID0000130,249,250,1874,1874,undirected,1
ID0000124,ID0000132,249,254,1875,1875,undirected,1
ID0000125,ID0000126,238,239,1873,1873,undirected,1
ID0000126,ID0000130,239,250,1874,1874,undirected,1
ID0000126,ID0000132,239,254,1875,1875,undirected,1
